-- phpMyAdmin SQL Dump
-- version 4.7.0
-- https://www.phpmyadmin.net/
--
-- Máy chủ: localhost
-- Thời gian đã tạo: Th7 12, 2017 lúc 06:52 AM
-- Phiên bản máy phục vụ: 10.1.24-MariaDB
-- Phiên bản PHP: 7.1.6

SET SQL_MODE = "NO_AUTO_VALUE_ON_ZERO";
SET AUTOCOMMIT = 0;
START TRANSACTION;
SET time_zone = "+00:00";


/*!40101 SET @OLD_CHARACTER_SET_CLIENT=@@CHARACTER_SET_CLIENT */;
/*!40101 SET @OLD_CHARACTER_SET_RESULTS=@@CHARACTER_SET_RESULTS */;
/*!40101 SET @OLD_COLLATION_CONNECTION=@@COLLATION_CONNECTION */;
/*!40101 SET NAMES utf8mb4 */;

--
-- Cơ sở dữ liệu: `haisan`
--

-- --------------------------------------------------------

--
-- Cấu trúc bảng cho bảng `dathang`
--

CREATE TABLE `dathang` (
  `id` int(11) NOT NULL,
  `name` varchar(255) NOT NULL,
  `gia` float NOT NULL,
  `soluong` int(11) NOT NULL,
  `tongtien` float NOT NULL,
  `hoten` varchar(255) NOT NULL,
  `sdt` varchar(255) NOT NULL,
  `diachi` text NOT NULL,
  `ghichu` text,
  `kt` int(11) NOT NULL DEFAULT '0',
  `created_at` timestamp NOT NULL DEFAULT CURRENT_TIMESTAMP ON UPDATE CURRENT_TIMESTAMP,
  `updated_at` timestamp NOT NULL DEFAULT '0000-00-00 00:00:00'
) ENGINE=InnoDB DEFAULT CHARSET=utf8;

--
-- Đang đổ dữ liệu cho bảng `dathang`
--

INSERT INTO `dathang` (`id`, `name`, `gia`, `soluong`, `tongtien`, `hoten`, `sdt`, `diachi`, `ghichu`, `kt`, `created_at`, `updated_at`) VALUES
(5, 'Cá ngựa (Hải Mã) (1 cặp)', 390000, 1, 390000, 'võ tấn hải', '01642780254', 'cam ranh', NULL, 0, '2017-07-11 13:04:16', '2017-07-11 06:03:25'),
(6, 'Cá ngựa (Hải Mã) (1 cặp)', 390000, 6, 2340000, 'dhfgjhsfhjgsdfhsghdf', '2345234', '234234fsfdsdfsdf', NULL, 0, '2017-07-11 13:04:18', '2017-07-11 06:04:03'),
(7, 'Cá chỉ vàng (1kg)', 220000, 1, 220000, 'dhfgjhsfhjgsdfhsghdf', '2345234', '234234fsfdsdfsdf', NULL, 0, '2017-07-11 13:04:20', '2017-07-11 06:03:27'),
(8, 'Tôm tươi bóc nõn (1kg)', 250000, 1, 250000, 'dhfgjhsfhjgsdfhsghdf', '2345234', '234234fsfdsdfsdf', NULL, 0, '2017-07-11 13:04:21', '2017-07-11 06:04:04');

-- --------------------------------------------------------

--
-- Cấu trúc bảng cho bảng `gmail`
--

CREATE TABLE `gmail` (
  `id` int(11) NOT NULL,
  `gmail` varchar(255) NOT NULL,
  `created_at` timestamp NOT NULL DEFAULT CURRENT_TIMESTAMP ON UPDATE CURRENT_TIMESTAMP,
  `updated_at` timestamp NOT NULL DEFAULT '0000-00-00 00:00:00'
) ENGINE=InnoDB DEFAULT CHARSET=utf8;

-- --------------------------------------------------------

--
-- Cấu trúc bảng cho bảng `haisan`
--

CREATE TABLE `haisan` (
  `id` int(11) NOT NULL,
  `id_menu` int(11) NOT NULL,
  `id_theloai` int(11) NOT NULL,
  `title` varchar(255) NOT NULL,
  `url` varchar(255) NOT NULL,
  `noidung` longtext NOT NULL,
  `gia` int(255) DEFAULT NULL,
  `created_at` timestamp NOT NULL DEFAULT CURRENT_TIMESTAMP ON UPDATE CURRENT_TIMESTAMP,
  `updated_at` timestamp NOT NULL DEFAULT '0000-00-00 00:00:00'
) ENGINE=InnoDB DEFAULT CHARSET=utf8;

--
-- Đang đổ dữ liệu cho bảng `haisan`
--

INSERT INTO `haisan` (`id`, `id_menu`, `id_theloai`, `title`, `url`, `noidung`, `gia`, `created_at`, `updated_at`) VALUES
(54, 20, 24, 'Sò lông (1kg)', 'so-long-1kg', '<p><span style=\"font-size:14px\"><strong>S&ograve; l&ocirc;ng&nbsp;</strong>l&agrave; một loại s&ograve; c&oacute; gi&aacute; trị dinh dưỡng cao, tác dụng b&ocirc;̉ huy&ecirc;́t, gi&uacute;p da dẻ tươi tắn hồng h&agrave;o</span></p>\r\n\r\n<p><span style=\"font-size:14px\"><strong>Sò l&ocirc;ng&nbsp;</strong>d&ecirc;̃ ch&ecirc;́ bi&ecirc;́n, có th&ecirc;̉ ch&ecirc;́ bi&ecirc;́n thành r&acirc;́t nhi&ecirc;̀u món ăn b&ocirc;̉ dưỡng như: h&acirc;́p, xào, nướng, n&acirc;́u cháo, n&acirc;́u canh...</span></p>\r\n\r\n<p><span style=\"font-size:14px\">Địa chỉ:&nbsp;<strong>Cửa h&agrave;ng hải sản Quảng Ninh</strong>, số 26, ng&aacute;ch 8/11/36/105 L&ecirc; Quang Đạo, tổ 5, phường Ph&uacute; Đ&ocirc;, quận Nam Từ Li&ecirc;m, th&agrave;nh phố H&agrave; Nội.</span></p>\r\n\r\n<p><span style=\"font-size:14px\">Điện thoại: 097 113 88 89 - 0916 695 087</span></p>\r\n\r\n<p><span style=\"font-size:14px\">Facebook:<a href=\"https://www.facebook.com/haisanquangninh.org/\">https://www.facebook.com/haisanquangninh.org</a></span></p>\r\n\r\n<p><span style=\"font-size:14px\">Website :&nbsp;<a href=\"../../index.html\">http://haisanquangninh.org</a></span></p>\r\n\r\n<p><span style=\"font-size:14px\">Email : haisanquangninh.org@gmail.com</span></p>', 55000, '2017-07-08 04:32:30', '2017-07-07 21:32:30'),
(55, 20, 25, 'Bạch tuộc', 'bach-tuoc', '<p><span style=\"font-size:14px\"><strong><a href=\"http://haisanquangninh.org/sanpham/Bach-tuoc-(Ruoc)/31.html\">Bạch tuộc tươi sống</a>&nbsp;(Ruốc tươi sống)</strong>&nbsp;được đ&aacute;nh bắt từ biển, s&aacute;ng sớm t&agrave;u cập bến Bạch tuộc được vận chuyển thẳng l&ecirc;n H&agrave; Nội trong ng&agrave;y (thường v&agrave;o buổi s&aacute;ng). Hải sản Quảng Ninh c&oacute; thể sơ chế qua cho kh&aacute;ch h&agrave;ng (x&aacute;t muối, đ&aacute;nh nhớt) nếu kh&aacute;ch h&agrave;ng y&ecirc;u cầu.</span></p>\r\n\r\n<p><span style=\"font-size:14px\"><strong>Bạch tuộc (Ruốc)</strong>&nbsp;l&agrave; một loại sinh vật th&acirc;n ngắn, mềm, h&igrave;nh &ocirc;van, thuộc bộ&nbsp;<strong><em>Octopoda</em></strong>&nbsp;sống dưới đ&aacute;y biển. C&oacute; khoảng 289 đến 300 lo&agrave;i bạch tuộc, chiếm hơn 1/3 tổng số động vật th&acirc;n mềm.</span></p>\r\n\r\n<p><span style=\"font-size:14px\"><strong>Bạch tuộc (Ruốc)</strong>&nbsp;c&oacute; 8 c&aacute;nh tay (kh&ocirc;ng phải x&uacute;c tu). Những c&aacute;nh tay n&agrave;y l&agrave; một kiểu buồng thủy tĩnh học cơ bắp. Kh&ocirc;ng như đa số những động vật th&acirc;n mềm kh&aacute;c, phần lớn lo&agrave;i&nbsp;<strong>bạch tuộc</strong>&nbsp;trong ph&acirc;n bộ&nbsp;<em>Incirrina</em>&nbsp;c&oacute; những th&acirc;n thể trọn vẹn mềm m&agrave; kh&ocirc;ng c&oacute; bộ xương&nbsp;trong. Ch&uacute;ng kh&ocirc;ng c&oacute; vỏ ở ngo&agrave;i bảo vệ như ốc&nbsp;hay bất kỳ vết t&iacute;ch n&agrave;o của vỏ hoặc xương b&ecirc;n trong, như mực&nbsp;biển hay mực ống. Một vật giống như mỏ vẹt l&agrave; bộ phận cứng c&aacute;p duy nhất của&nbsp;<strong>bạch tuộc</strong>. N&oacute; gi&uacute;p lo&agrave;i bạch tuộc len qua những kẽ đ&aacute; ngầm khi chạy trốn kẻ th&ugrave;. Những con bạch tuộc trong ph&acirc;n bộ Cirrina c&oacute; hai v&acirc;y c&aacute; v&agrave; một vỏ b&ecirc;n trong l&agrave;m bớt đi khả năng chui v&agrave;o những kh&ocirc;ng gian nhỏ.</span></p>\r\n\r\n<p><span style=\"font-size:14px\"><strong>Bạch tuộc</strong>&nbsp;c&oacute; đến 3 tr&aacute;i tim. Hai tr&aacute;i tim bơm m&aacute;u xuy&ecirc;n qua hai mang trong khi tr&aacute;i tim thứ ba bơm m&aacute;u đi khắp th&acirc;n thể. M&aacute;u bạch tuộc chứa đựng protein&nbsp;gi&agrave;u haemocyanin&nbsp;chuy&ecirc;n chở &ocirc;xy. &Iacute;t hiệu quả hơn huyết cầu gi&agrave;u sắt của nh&oacute;m động vật c&oacute; xương sống, haemocyanin được ho&agrave; tan trong huyết tương thay v&igrave; trong những hồng cầu v&agrave; tạo ra m&agrave;u xanh cho m&aacute;u.&nbsp;<strong>Bạch tuộc</strong>&nbsp;đưa nước v&agrave;o c&aacute;c khoang rồi xuy&ecirc;n qua mang. Như những động vật th&acirc;n mềm kh&aacute;c, bạch tuộc c&oacute; những mang được chia ra v&agrave; c&oacute; những mạch m&aacute;u quấn b&ecirc;n trong.</span></p>\r\n\r\n<p><span style=\"font-size:14px\"><strong>C&Aacute;CH CHẾ BIẾN BẠCH TUỘC (RUỐC) NGON</strong></span></p>\r\n\r\n<p><span style=\"font-size:14px\">Vị tươi ngon, gi&ograve;n gi&ograve;n của bạch tuộc kết hợp với nhiều c&aacute;ch chế biến kh&aacute;c nhau chắc chắn cả nh&agrave; sẽ th&iacute;ch.</span></p>\r\n\r\n<p><span style=\"font-size:14px\"><strong>1. Bạch tuộc (Ruốc) sốt tương c&agrave;</strong></span></p>\r\n\r\n<p><span style=\"font-size:14px\">Hương vị hấp dẫn v&agrave; mới lạ của bạch tuộc sốt tương c&agrave; sẽ mang lại một bữa ăn ngon miệng.</span></p>\r\n\r\n<p><span style=\"font-size:14px\"><strong>a. Nguy&ecirc;n liệu:</strong></span></p>\r\n\r\n<p><span style=\"font-size:14px\">- Bạch tuộc: 400gr</span></p>\r\n\r\n<p><span style=\"font-size:14px\">- Ớt chu&ocirc;ng đỏ: &frac12; quả</span></p>\r\n\r\n<p><span style=\"font-size:14px\">- Dứa ch&iacute;n: &frac12; quả</span></p>\r\n\r\n<p><span style=\"font-size:14px\">- Chanh: 1 quả</span></p>\r\n\r\n<p><span style=\"font-size:14px\">- Gia vị: rượu trắng 1 ch&eacute;n nhỏ, dầu h&agrave;o, sốt ướp thịt nướng, ớt bột H&agrave;n Quốc, tương c&agrave;, muối&hellip;.</span></p>\r\n\r\n<p><span style=\"font-size:14px\"><strong>b, Thực hiện:</strong></span></p>\r\n\r\n<p><span style=\"font-size:14px\">- Bạch tuộc l&agrave;m sạch, bỏ hết phần nội tạng b&ecirc;n trong th&acirc;n, rửa sạch với ch&eacute;n rượu trắng, sau đ&oacute; b&oacute;p với chanh để loại bỏ hết m&ugrave;i.</span></p>\r\n\r\n<p><span style=\"font-size:14px\">- Ướp bạch tuộc với 1 th&igrave;a dầu h&agrave;o, 1 th&igrave;a sốt ướp thịt nướng, &frac12; th&igrave;a muối, &frac12; th&igrave;a ớt bột H&agrave;n Quốc, đảo đều v&agrave; ướp trong khoảng 1-2h cho bạch tuộc ngấm gia vị.</span></p>\r\n\r\n<p><span style=\"font-size:14px\">- Trong thời gian chờ bạch tuộc ngấm gia vị th&igrave; c&aacute;c bạn rửa sạch ớt chu&ocirc;ng đỏ, dứa. Dứa th&aacute;i hạt lựu, ớt chu&ocirc;ng lấy &frac14; quả th&aacute;i chỉ, số c&ograve;n lại đem xay nhuyễn với 1 ch&uacute;t nước, lọc bỏ b&atilde;, giữ lại phần nước cốt .</span></p>\r\n\r\n<p><span style=\"font-size:14px\">- Bạch tuộc sau khi ướp đủ thời gian th&igrave; xếp ra khay, đem nướng qua ở nhiệt độ 100C trong khoảng 10 ph&uacute;t.</span></p>\r\n\r\n<p><span style=\"font-size:14px\">- Đặt chảo l&ecirc;n bếp, cho ch&uacute;t dầu ăn v&agrave;o chảo, bỏ tỏi băm nhỏ v&agrave;o đảo cho thơm, sau đ&oacute; cho 2 th&igrave;a tương c&agrave; v&agrave;o đảo đều, khi tương c&agrave; s&ocirc;i th&igrave; th&ecirc;m nước cốt ớt chu&ocirc;ng v&agrave;o, đảo đều cho sốt tương c&agrave; s&aacute;nh lại.</span></p>\r\n\r\n<p><span style=\"font-size:14px\">- Th&ecirc;m dứa th&aacute;i hạt lựu v&agrave;o sốt tương c&agrave;, n&ecirc;m nếm lại gia vị cho vừa miệng ăn rồi cho bạch tuộc vừa nướng ch&iacute;n sơ v&agrave;o sốt, để lửa liu riu cho bạch tuộc ngấm sốt. Tắt bếp, cho bạch tuộc sốt tương c&agrave; ra đĩa v&agrave; ăn c&ugrave;ng với cơm n&oacute;ng.</span></p>\r\n\r\n<p><span style=\"font-size:14px\"><strong>2. Bạch tuộc nướng muối ớt.</strong></span></p>\r\n\r\n<p><span style=\"font-size:14px\">Bạch tuộc nướng muối ớt vừa cay vừa thơm lại gi&ograve;n sần sật thật l&agrave; th&iacute;ch.</span></p>\r\n\r\n<p><span style=\"font-size:14px\"><strong>a, Nguy&ecirc;n liệu:</strong></span></p>\r\n\r\n<p><span style=\"font-size:14px\">- Bạch tuộc: 500 gr</span></p>\r\n\r\n<p><span style=\"font-size:14px\">- Gừng: 1 mẩu nhỏ</span></p>\r\n\r\n<p><span style=\"font-size:14px\">- Muối: 1/2 th&igrave;a c&agrave; ph&ecirc;</span></p>\r\n\r\n<p><span style=\"font-size:14px\">- Hạt n&ecirc;m: 1 th&igrave;a c&agrave; ph&ecirc;</span></p>\r\n\r\n<p><span style=\"font-size:14px\">- Ớt: 1-2 quả.</span></p>\r\n\r\n<p><span style=\"font-size:14px\">- Rau răm (hoặc h&uacute;ng quế), quất (chanh), hạt ti&ecirc;u.</span></p>\r\n\r\n<p><span style=\"font-size:14px\"><strong>b, Thực hiện:&nbsp;</strong></span></p>\r\n\r\n<p><span style=\"font-size:14px\">- Bạch tuộc n&ecirc;n chọn mua loại c&ograve;n sống đang bơi hay đang b&ograve; lổm ngổm th&igrave; c&agrave;ng ngon. Nếu bạch tuộc đ&atilde; chết th&igrave; mua loại mới chết, nh&igrave;n vẫn c&ograve;n tươi ngon.&nbsp;</span></p>\r\n\r\n<p><span style=\"font-size:14px\">- D&ugrave;ng tay lộn tr&aacute;i con bạch buộc, rứt bỏ bầu v&agrave; t&uacute;i mực, sau đ&oacute; lại lộn phải lại như cũ. Rửa sạch bạch tuộc với nước muối lo&atilde;ng, để r&aacute;o nước.&nbsp;</span></p>\r\n\r\n<p><span style=\"font-size:14px\">- Ướp bạch tuộc với muối, hạt n&ecirc;m, t&iacute; x&iacute;u hạt ti&ecirc;u, một mẩu gừng nhỏ đập dập v&agrave; v&agrave;i l&aacute;t ớt (ớt d&ugrave;ng theo khả năng ăn cay của nh&agrave; bạn) trong v&ograve;ng 15 ph&uacute;t.&nbsp;</span></p>\r\n\r\n<p><span style=\"font-size:14px\">- Bật l&ograve; trước 10 ph&uacute;t, ở nhiệt độ khoảng 200 độ c. Xếp bạch tuộc l&ecirc;n khay nướng, phết một &iacute;t dầu ăn l&ecirc;n bạch tuộc để bạch tuộc đỡ kh&ocirc; khi nướng. Nướng bạch tuộc trong khoảng 10 &ndash; 15 ph&uacute;t (hoặc đến khi bạch tuộc v&agrave;ng đều).</span></p>\r\n\r\n<p><span style=\"font-size:14px\">- Nhấc khay nướng ra khỏi l&ograve;, d&ugrave;ng k&eacute;o cắt bạch tuộc th&agrave;nh từng miếng vừa ăn. Ăn n&oacute;ng bạch tuộc nướng muối ớt với muối ti&ecirc;u chanh (hoặc tương ớt), ăn k&egrave;m rau răm (hoặc h&uacute;ng quế) nh&eacute;!</span></p>\r\n\r\n<p><span style=\"font-size:14px\">Nếu bạch tuộc nướng muối ớt với than hoa sẽ ngon v&agrave; thơm hơn nhiều.</span></p>\r\n\r\n<p><span style=\"font-size:14px\"><strong>3. Bạch tuộc nướng sa tế</strong></span></p>\r\n\r\n<p><span style=\"font-size:14px\">Bạch tuộc nướng l&agrave; m&oacute;n ăn rất ngon, đậm đ&agrave;, thơm lừng, l&agrave; m&oacute;n ăn quen thuộc của miền biển. M&oacute;n ăn c&oacute; m&agrave;u sắc bắt mắt, thơm lừng, gi&ograve;n gi&ograve;n, dai dai, cay nồng ớt sa tế. Bạn h&atilde;y thực h&agrave;nh m&oacute;n ăn n&agrave;y để đ&atilde;i gia đ&igrave;nh, bạn b&egrave; nh&eacute;!</span></p>\r\n\r\n<p><span style=\"font-size:14px\"><strong>a, Nguy&ecirc;n liệu:</strong></span></p>\r\n\r\n<p><span style=\"font-size:14px\">- 700 gr bạch tuộc tươi</span></p>\r\n\r\n<p><span style=\"font-size:14px\">- 1 hũ ớt sa tế</span></p>\r\n\r\n<p><span style=\"font-size:14px\">- 2 muỗng c&agrave; ph&ecirc; mật ong</span></p>\r\n\r\n<p><span style=\"font-size:14px\"><strong>b, C&aacute;ch l&agrave;m:</strong></span></p>\r\n\r\n<p><span style=\"font-size:14px\">- Bạch tuộc l&agrave;m sạch, rửa qua nước muối.</span></p>\r\n\r\n<p><span style=\"font-size:14px\">- Ướp bạch tuộc với &frac12; hũ sa tế, 2 muỗng c&agrave; ph&ecirc; mật ong trong v&ograve;ng 30 ph&uacute;t cho gia vị ngấm đều.</span></p>\r\n\r\n<p><span style=\"font-size:14px\">- L&oacute;t giấy bạc v&agrave;o khay nướng, phết dầu ăn v&agrave;o bạch tuộc, nướng ở nhiệt độ 200oC cho đến khi thấy bạch tuộc ch&iacute;n v&agrave;ng đều.</span></p>\r\n\r\n<p><span style=\"font-size:14px\">- Nhấc khay nướng ra, cắt bạch tuộc từng miếng vừa ăn, d&ugrave;ng n&oacute;ng với muối ti&ecirc;u chanh hoặc tương ớt, rau h&uacute;ng quế sẽ ngon hơn.</span></p>\r\n\r\n<p><span style=\"font-size:14px\">M&aacute;ch nhỏ: Bạch tuộc nướng tr&ecirc;n than hoa sẽ thơm ngon hơn nhiều.</span></p>\r\n\r\n<p><span style=\"font-size:14px\"><strong>4. Canh bạch tuộc nấu dứa</strong></span></p>\r\n\r\n<p><span style=\"font-size:14px\">Vị chua nh&egrave; nhẹ của me v&agrave; dứa h&ograve;a quyện c&ugrave;ng vị ng&ograve;n ngọt của bạch tuộc sẽ cho ta một b&aacute;t canh rất ngon v&agrave; lạ miệng.</span></p>\r\n\r\n<p><span style=\"font-size:14px\"><strong>a, Nguy&ecirc;n liệu:</strong></span></p>\r\n\r\n<p><span style=\"font-size:14px\">- Bạch tuộc: 300gr</span></p>\r\n\r\n<p><span style=\"font-size:14px\">- Dứa: 1/ 4 quả vừa</span></p>\r\n\r\n<p><span style=\"font-size:14px\">- C&agrave; chua: 2 quả vừa phải</span></p>\r\n\r\n<p><span style=\"font-size:14px\">- Me: 1 quả to</span></p>\r\n\r\n<p><span style=\"font-size:14px\">- Sả: 1 củ</span></p>\r\n\r\n<p><span style=\"font-size:14px\">- Ớt: 1 quả</span></p>\r\n\r\n<p><span style=\"font-size:14px\">- Rượu trắng: 1 b&aacute;t nhỏ ( b&aacute;t nước chấm)</span></p>\r\n\r\n<p><span style=\"font-size:14px\">- Gừng, h&agrave;nh kh&ocirc;, h&agrave;nh l&aacute;, th&igrave; l&agrave;</span></p>\r\n\r\n<p><span style=\"font-size:14px\"><strong>b, Thực hiện:</strong></span></p>\r\n\r\n<p><span style=\"font-size:14px\">- Lấy dao mổ th&acirc;n bạch tuộc, r&uacute;t bỏ ruột, d&ugrave;ng rượu v&agrave; gừng tr&agrave; sạch để khử tanh, rửa sạch lại với nước, th&aacute;i th&agrave;nh từng miếng, cho v&agrave;o một c&aacute;i b&aacute;t.</span></p>\r\n\r\n<p><span style=\"font-size:14px\">- Dứa gọt vỏ, cắt mắt, th&aacute;i th&agrave;nh từng miếng nhỏ, mỏng. C&agrave; chua rửa sạch, bổ m&uacute;i cau. Me luộc ch&iacute;n, b&oacute;c vỏ, bỏ hạt, dầm n&aacute;t. Gừng đập dập, chừa lại một miếng b&eacute;, băm nhỏ. Ớt th&aacute;i miếng. Sả th&aacute;i v&aacute;t. H&agrave;nh kh&ocirc; băm nhỏ. H&agrave;nh l&aacute;, th&igrave; l&agrave; th&aacute;i nhỏ.</span></p>\r\n\r\n<p><span style=\"font-size:14px\">- Ướp bạch tuộc c&ugrave;ng 1 ch&uacute;t gia vị, hạt n&ecirc;m, gừng băm nhỏ, sả, ớt v&agrave; một th&igrave;a rượu. Để 15 ph&uacute;t cho bạch tuộc ngấm gia vị.</span></p>\r\n\r\n<p><span style=\"font-size:14px\">- Phi thơm h&agrave;nh, cho bạch tuộc v&agrave;o x&agrave;o. Khi bạch tuộc chuyển m&agrave;u hồng hồng th&igrave; tắt bếp, tr&uacute;t bạch tuộc v&agrave;o một c&aacute;i b&aacute;t.</span></p>\r\n\r\n<p><span style=\"font-size:14px\">- X&agrave;o ch&iacute;n c&agrave; chua rồi dầm n&aacute;t, cho lượng nước đủ ăn v&agrave;o đun s&ocirc;i. Nước s&ocirc;i cho dứa, gừng đập dập c&ugrave;ng bạch tuộc đ&atilde; x&agrave;o sơ v&agrave;o.</span></p>\r\n\r\n<p><span style=\"font-size:14px\">- Đun canh s&ocirc;i trở lại trong v&ograve;ng một ph&uacute;t, cho h&agrave;nh v&agrave; th&igrave; l&agrave; th&aacute;i nhỏ c&ugrave;ng một ch&uacute;t hạt n&ecirc;m vừa ăn, tắt bếp. M&uacute;c ra t&ocirc;, ăn n&oacute;ng.</span></p>\r\n\r\n<p><span style=\"font-size:14px\">Theo Eva</span></p>\r\n\r\n<p><span style=\"font-size:14px\">Th&ocirc;ng tin li&ecirc;n hệ:</span></p>\r\n\r\n<p><span style=\"font-size:14px\">Địa chỉ:&nbsp;<a href=\"http://haisanquangninh.org/baiviet/Gioi-thieu/1.html\"><strong>Cửa h&agrave;ng hải sản Quảng Ninh</strong></a>, Số 26, ng&aacute;ch 8/11/36/105 L&ecirc; Quang Đạo,tổ d&acirc;n phố 5, Ph&uacute; Đ&ocirc;, Nam Từ Li&ecirc;m, th&agrave;nh phố H&agrave; Nội.</span></p>\r\n\r\n<p><span style=\"font-size:14px\">Điện thoại: 097 113 88 89 - 0916 695 087</span></p>\r\n\r\n<p><span style=\"font-size:14px\">Website :&nbsp;<a href=\"http://haisanquangninh.org/\">http://haisanquangninh.org</a></span></p>\r\n\r\n<p><span style=\"font-size:14px\">Facebook:<a href=\"https://www.facebook.com/haisanquangninh.org\">https://www.facebook.com/haisanquangninh.org</a></span></p>\r\n\r\n<p><span style=\"font-size:14px\">Email : haisanquangninh.org@gmail.com</span></p>', 180000, '2017-07-08 04:32:29', '2017-07-07 21:32:29'),
(56, 20, 26, 'Mực lá nhỏ (3-4 con/1kg)', 'muc-la-nho-3-4-con1kg', '<p><span style=\"font-size:14px\">- Mực L&aacute; Quảng Ninh được đ&aacute;nh bắt trong đ&ecirc;m sau đ&oacute; s&aacute;ng t&agrave;u cập bến được vận chuyển l&ecirc;n thẳng H&agrave; Nội n&ecirc;n &nbsp;đảm bảo rất tươi ngon.</span></p>\r\n\r\n<p><span style=\"font-size:14px\">* Hiện nay tr&ecirc;n thị trường Mực L&aacute; thường được ng&acirc;m nước để tăng trọng lượng của Mực v&igrave; vậy qu&yacute; kh&aacute;ch h&agrave;ng cần lưu &yacute; khi mua. Hải sản Quảng Ninh xin cam kết lu&ocirc;n đảm bảo chất lượng, kh&ocirc;ng ng&acirc;m nước, kh&ocirc;ng ng&acirc;m chất bảo quản, gi&aacute; cả hợp l&yacute;, đảm bảo tươi ngon nhất.</span></p>\r\n\r\n<ul>\r\n	<li><span style=\"font-size:14px\">Mực l&aacute; nhỏ từ 3 con - 4 con/1kg gi&aacute;: 250.000đ</span></li>\r\n	<li><span style=\"font-size:14px\">Mực l&aacute; to từ 0,5kg/com gi&aacute;: 320.000đ</span></li>\r\n</ul>\r\n\r\n<p><span style=\"font-size:14px\">-&nbsp;<a href=\"http://haisanquangninh.org/danhmuc/Muc-tuoi/18.html\"><strong>Mực L&aacute;&nbsp;</strong></a>(t&ecirc;n tiếng Anh: Bigfin reef Squid (Broad squid); t&ecirc;n khoa học: Sepioteuthis lessoniana): l&agrave; lo&agrave;i mực c&oacute; cơ thể lớn, nh&igrave;n bề ngo&agrave;i vừa giống mực nang, vừa giống mực ống. Mực l&aacute; được ph&acirc;n biệt dể d&agrave;ng với những loại mực kh&aacute;c ở chỗ ch&uacute;ng c&oacute; v&acirc;y d&agrave;y h&igrave;nh bầu dục khỏe mở rộng xung quanh gần như to&agrave;n bộ lớp &aacute;o.</span></p>\r\n\r\n<p><span style=\"font-size:14px\"><strong>- Mực l&aacute;</strong>&nbsp;c&oacute; thể đạt được trọng lượng tối đa 1,8 kg đ&atilde; được ghi nhận trong văn bản. C&aacute;c chế độ ăn uống của mực l&aacute; bao gồm c&aacute; chủ yếu l&agrave; động vật gi&aacute;p x&aacute;c v&agrave; c&aacute; nhỏ. Ch&uacute;ng thường được t&igrave;m thấy gần bờ biển, gần tảng đ&aacute;, v&agrave; c&aacute;c rạn san h&ocirc;. Ch&uacute;ng bị được đ&aacute;nh bắt với số lượng lớn cho con người ở ch&acirc;u &Aacute;.</span></p>\r\n\r\n<p><span style=\"font-size:14px\"><strong>- Mực l&aacute;</strong>&nbsp;l&agrave; một lo&agrave;i mực quan trọng về thương mại. Giống như c&aacute;c th&agrave;nh vi&ecirc;n kh&aacute;c của chi Sepioteuthis, mực l&aacute; rất dễ d&agrave;ng để ph&acirc;n biệt với c&aacute;c loại mực kh&aacute;c ở chỗ ch&uacute;ng c&oacute; v&acirc;y d&agrave;y h&igrave;nh bầu dục khỏe mở rộng xung quanh gần như to&agrave;n bộ lớp &aacute;o. Lớp &aacute;o của mực l&aacute; c&oacute; h&igrave;nh trụ, thon dần đến một h&igrave;nh n&oacute;n c&ugrave;n ở ph&iacute;a sau.</span></p>\r\n\r\n<p><span style=\"font-size:14px\"><strong>C&Aacute;C M&Oacute;N ĂN NGON TỪ MỰC</strong></span></p>\r\n\r\n<p><span style=\"font-size:14px\"><strong>1. Mực x&agrave;o chua ngọt</strong></span></p>\r\n\r\n<p><span style=\"font-size:14px\"><strong>a, Nguy&ecirc;n liệu</strong></span></p>\r\n\r\n<p><span style=\"font-size:14px\">- 300g mực tươi (mực l&aacute;): rửa sạch, cắt miếng nhỏ v&agrave; khứa ngang dọc tr&ecirc;n mỗi miếng</span></p>\r\n\r\n<p><span style=\"font-size:14px\">- 1 củ h&agrave;nh t&acirc;y: lột vỏ v&agrave; th&aacute;i m&uacute;i cau</span></p>\r\n\r\n<p><span style=\"font-size:14px\">- 1 tr&aacute;i c&agrave; chua: rửa sạch v&agrave; th&aacute;i m&uacute;i cau</span></p>\r\n\r\n<p><span style=\"font-size:14px\">- 1.4 miếng thơm: cắt bỏ c&ugrave;i v&agrave; th&aacute;i miếng nhỏ</span></p>\r\n\r\n<p><span style=\"font-size:14px\">- 1 tr&aacute;i dưa leo: cắt đ&ocirc;i, kho&eacute;t bỏ ruột v&agrave; th&aacute;i ch&eacute;o</span></p>\r\n\r\n<p><span style=\"font-size:14px\">- &Iacute;t cọng cần t&acirc;y: cắt bỏ rễ v&agrave; th&aacute;i kh&uacute;c d&agrave;i bằng &frac12; đốt tay</span></p>\r\n\r\n<p><span style=\"font-size:14px\">- 1/2 tr&aacute;i ớt chu&ocirc;ng v&agrave;ng v&agrave; &frac12; tr&aacute;i ớt chu&ocirc;ng xanh: cắt miếng vu&ocirc;ng</span></p>\r\n\r\n<p><span style=\"font-size:14px\">- 10g nấm rơm: rửa sạch, ng&acirc;m qua nước muối v&agrave; cắt đ&ocirc;i</span></p>\r\n\r\n<p><span style=\"font-size:14px\">- 1/2 muỗng c&agrave; ph&ecirc; mỗi loại: tỏi v&agrave; h&agrave;nh băm</span></p>\r\n\r\n<p><span style=\"font-size:14px\">- 1/2 ch&eacute;n rượu trắng</span></p>\r\n\r\n<p><span style=\"font-size:14px\">- Gia vị: nước mắm, dầu h&agrave;o, hạt n&ecirc;m v&agrave; dầu ăn</span></p>\r\n\r\n<p><span style=\"font-size:14px\"><strong>b, C&aacute;ch l&agrave;m</strong></span></p>\r\n\r\n<p><span style=\"font-size:14px\">- Bước 1: Ướp mực tươi với &iacute;t muối v&agrave; hạt n&ecirc;m khoảng 10 ph&uacute;t.</span></p>\r\n\r\n<p><span style=\"font-size:14px\">- Bước 2: Phi thơm h&agrave;nh, tỏi v&agrave; cho mực v&agrave;o x&agrave;o nhanh, sau đ&oacute; tr&uacute;t ra đĩa, để ri&ecirc;ng.</span></p>\r\n\r\n<p><span style=\"font-size:14px\">- Bước 3: Cho th&ecirc;m &iacute;t dầu v&agrave;o chảo, khử dầu với &iacute;t h&agrave;nh cho thơm, sau đ&oacute; cho lần lượt h&agrave;nh t&acirc;y, dưa leo, nấm rơm, ớt chu&ocirc;ng, thơm v&agrave;o x&agrave;o đều.</span></p>\r\n\r\n<p><span style=\"font-size:14px\">- Bước 4: Khi thấy c&aacute;c nguy&ecirc;n liệu vừa ch&iacute;n tới, cho mực v&agrave;o đảo đều, n&ecirc;m lại gia vị với dầu h&agrave;o, &iacute;t nước mắm v&agrave; hạt n&ecirc;m.</span></p>\r\n\r\n<p><span style=\"font-size:14px\">- Bước 5: Khi chuẩn bị tắt bếp, bạn cho cần t&acirc;y l&ecirc;n mặt để hơi n&oacute;ng l&agrave;m ch&iacute;n dần m&agrave; kh&ocirc;ng cần đảo đều.</span></p>\r\n\r\n<p><span style=\"font-size:14px\">- M&oacute;n mực x&agrave;o chua ngọt lu&ocirc;n gi&uacute;p bữa cơm trưa của gia đ&igrave;nh th&ecirc;m phần ngon miệng v&agrave; ấm &aacute;p.</span></p>\r\n\r\n<p><span style=\"font-size:14px\"><strong>2. Mực nướng chao</strong></span></p>\r\n\r\n<p><span style=\"font-size:14px\"><strong>a, Nguy&ecirc;n liệu:</strong></span></p>\r\n\r\n<p><span style=\"font-size:14px\">-1kg mực tươi (chỉ lấy m&igrave;nh, đầu để ri&ecirc;ng): cắt mỗi con l&agrave;m đ&ocirc;i</span></p>\r\n\r\n<p><span style=\"font-size:14px\">-1/2 hũ chao trắng v&agrave; 1/2 hũ chao đỏ</span></p>\r\n\r\n<p><span style=\"font-size:14px\">- 5ml nước cốt chanh</span></p>\r\n\r\n<p><span style=\"font-size:14px\">- V&agrave;i l&aacute; t&iacute;a t&ocirc; th&aacute;i sợi</span></p>\r\n\r\n<p><span style=\"font-size:14px\">- 5ml dầu m&egrave;</span></p>\r\n\r\n<p><span style=\"font-size:14px\">- Đồ chua gồm củ sen, h&agrave;nh t&acirc;y v&agrave; kiệu.</span></p>\r\n\r\n<p><span style=\"font-size:14px\">- Gia vị: tỏi, rượu thơm, tương ớt, đường, sa tế</span></p>\r\n\r\n<p><span style=\"font-size:14px\">- C&aacute;c bước thực hiện mực nướng chao</span></p>\r\n\r\n<p><span style=\"font-size:14px\"><strong>b, C&aacute;ch l&agrave;m:</strong></span></p>\r\n\r\n<p><span style=\"font-size:14px\">- Bước 1: Ướp mực với chao đỏ, 1 muỗng c&agrave; ph&ecirc; rượu thơm, 1 muỗng c&agrave; ph&ecirc; nước mắm, tỏi,</span></p>\r\n\r\n<p><span style=\"font-size:14px\">- dầu m&egrave;. Ướp trong khoảng nửa tiếng.</span></p>\r\n\r\n<p><span style=\"font-size:14px\">- Bước 2: Trong l&uacute;c đợi mực thấm gia vị, bạn lấy chao trắng t&aacute;n nhuyễn v&agrave; trộn th&ecirc;m &iacute;t sa tế, nước cốt chanh v&agrave; &iacute;t đường cho vừa miệng.</span></p>\r\n\r\n<p><span style=\"font-size:14px\">- Bước 3: Phần rau ăn k&egrave;m, bạn chỉ việc trộn t&iacute;a t&ocirc; th&aacute;i sợi v&agrave; củ kiệu, h&agrave;nh t&acirc;y lại với nhau.</span></p>\r\n\r\n<p><span style=\"font-size:14px\">- Bước 4: Khi l&ograve; than hoa hừng lửa, bạn cho mực l&ecirc;n nướng tr&ecirc;n vỉ. Trở đều để mực kh&ocirc;ng bị ch&aacute;y.</span></p>\r\n\r\n<p><span style=\"font-size:14px\">- M&oacute;n mực n&agrave;y th&iacute;ch hợp để l&agrave;m m&oacute;n nhậu, m&oacute;n ăn vặt trong những dịp họp bạn b&egrave; v&agrave;o cuối tuần.</span></p>\r\n\r\n<p><span style=\"font-size:14px\"><strong>3. Mực nhồi thịt.</strong></span></p>\r\n\r\n<p><span style=\"font-size:14px\"><strong>a, Chuẩn bị:</strong></span></p>\r\n\r\n<p><span style=\"font-size:14px\">- 350g mực ống tươi: Rửa sạch, bỏ mật đen v&agrave; giữ nguy&ecirc;n m&igrave;nh, ri&ecirc;ng đầu bạn băm nhỏ để d&agrave;nh cho phần trộn nh&acirc;n.</span></p>\r\n\r\n<p><span style=\"font-size:14px\">- 200g thịt nạc băm</span></p>\r\n\r\n<p><span style=\"font-size:14px\">- 3 tai nấm m&egrave;o: rửa sạch, ng&acirc;m nở, cắt bỏ cồi v&agrave; băm nhuyễn</span></p>\r\n\r\n<p><span style=\"font-size:14px\">- 5 tai nấm hương kh&ocirc;: ng&acirc;m nở v&agrave; băm nhỏ</span></p>\r\n\r\n<p><span style=\"font-size:14px\">- V&agrave;i cọng th&igrave; l&agrave; v&agrave; h&agrave;nh l&aacute;: th&aacute;i nhỏ</span></p>\r\n\r\n<p><span style=\"font-size:14px\">- 1 muỗng c&agrave; ph&ecirc; h&agrave;nh t&iacute;m băm</span></p>\r\n\r\n<p><span style=\"font-size:14px\">- Gia vị: muối, hạt n&ecirc;m, đường</span></p>\r\n\r\n<p><span style=\"font-size:14px\"><strong>b, C&aacute;ch l&agrave;m:</strong></span></p>\r\n\r\n<p><span style=\"font-size:14px\">- Bước 1: Bạn trộn đầu mực đ&atilde; băm với thịt, nấm hương, nấm m&egrave;o, h&agrave;nh t&iacute;m, h&agrave;nh xanh, th&igrave; l&agrave; v&agrave; c&aacute;c gia vị lại với nhau cho thật đều. Để như vậy khoảng 15 ph&uacute;t để c&aacute;c nguy&ecirc;n liệu thấm đều.</span></p>\r\n\r\n<p><span style=\"font-size:14px\">- Bước 2: D&ugrave;ng phần th&acirc;n muỗng m&uacute;c nh&acirc;n v&agrave; nhồi v&agrave;o mỗi con mực cho thật căng đầy. Sau đ&oacute;, d&ugrave;ng tăm ghim ở phần đầu để cố định nh&acirc;n. Lần lượt l&agrave;m cho đến hết số mực v&agrave; nh&acirc;n đ&atilde; chuẩn bị.</span></p>\r\n\r\n<p><span style=\"font-size:14px\">- Bước 3: Cho mực v&agrave;o chảo, đổ dầu vừa ngập mặt v&agrave; chi&ecirc;n. Khi thấy mực v&agrave;ng mặt, trở lại v&agrave; tiếp tục chi&ecirc;n đến khi mực v&agrave;ng đều. Muốn mực gi&ograve;n, khi sắp tắt bếp, bạn vặn lửa lớn.</span></p>\r\n\r\n<p><span style=\"font-size:14px\">- Nếu th&iacute;ch ăn c&ugrave;ng sốt, bạn c&oacute; thể chọn sốt c&agrave; chua hoặc sốt dứa. Bằng kh&ocirc;ng, bạn c&oacute; thể d&ugrave;ng thế n&agrave;y cũng đủ ngon.</span></p>\r\n\r\n<p><span style=\"font-size:14px\"><strong>4. Mực chi&ecirc;n x&ugrave;</strong></span></p>\r\n\r\n<p><span style=\"font-size:14px\"><strong>a, chuẩn bị:</strong></span></p>\r\n\r\n<p><span style=\"font-size:14px\">- 500g mực l&aacute;</span></p>\r\n\r\n<p><span style=\"font-size:14px\">- 2 quả trứng</span></p>\r\n\r\n<p><span style=\"font-size:14px\">- 200g bột m&igrave;</span></p>\r\n\r\n<p><span style=\"font-size:14px\">- 100g vụn b&aacute;nh m&igrave;</span></p>\r\n\r\n<p><span style=\"font-size:14px\">- 350g bột chi&ecirc;n x&ugrave;</span></p>\r\n\r\n<p><span style=\"font-size:14px\">- 30ml nước tương</span></p>\r\n\r\n<p><span style=\"font-size:14px\">- 50ml tương c&agrave;</span></p>\r\n\r\n<p><span style=\"font-size:14px\">- 50ml sốt mayonaise</span></p>\r\n\r\n<p><span style=\"font-size:14px\">- Gia vị: rượu trắng, ti&ecirc;u, muối, hạt n&ecirc;m v&agrave; dầu ăn</span></p>\r\n\r\n<p><span style=\"font-size:14px\"><strong>b, c&aacute;ch l&agrave;m:</strong></span></p>\r\n\r\n<p><span style=\"font-size:14px\">- Bước 1: Cắt mực th&agrave;nh từng khoanh, đem ướp với rượu trắng, ti&ecirc;u v&agrave; muối trong khoảng 15 ph&uacute;t.</span></p>\r\n\r\n<p><span style=\"font-size:14px\">- Bước 2: Đ&aacute;nh trứng đều trong một chiếc t&ocirc; lớn. Cho bột x&ugrave;, bột m&igrave;, vụn b&aacute;nh m&igrave; ra đĩa rộng.</span></p>\r\n\r\n<p><span style=\"font-size:14px\">- Bước 3: Lăn mực qua bột m&igrave;, kế đến nh&uacute;ng v&agrave;o trứng v&agrave; sau c&ugrave;ng &aacute;o đều lớp vụn b&aacute;nh m&igrave; c&ugrave;ng bột chi&ecirc;n x&ugrave;.</span></p>\r\n\r\n<p><span style=\"font-size:14px\">- Bước 4: Cho mực v&agrave;o chảo dầu ngập đang s&ocirc;i v&agrave; chi&ecirc;n đến khi bột chuyển sang m&agrave;u v&agrave;ng th&igrave; vớt ra ngo&agrave;i. Thực hiện lần lượt cho đến hết số mực đ&atilde; chuẩn bị.</span></p>\r\n\r\n<p><span style=\"font-size:14px\">- Để mực chi&ecirc;n x&ugrave; kh&ocirc;ng thấm nhiều dầu, bạn n&ecirc;n chuẩn bị trước một khay l&oacute;t giấy thấm dầu. Mực chi&ecirc;n x&ugrave; ăn ngon hơn khi chấm c&ugrave;ng tương ớt trộn đều với sốt mayonaise.</span></p>\r\n\r\n<p><span style=\"font-size:14px\"><strong>5. Mực x&agrave;o sa tế</strong></span></p>\r\n\r\n<p><span style=\"font-size:14px\"><strong>a, Nguy&ecirc;n liệu:</strong></span></p>\r\n\r\n<p><span style=\"font-size:14px\">- 1 kg mực tươi: rửa sạch v&agrave; cắt miếng vu&ocirc;ng trước khi kh&iacute;a ngang, dọc 1 hũ sa tế</span></p>\r\n\r\n<p><span style=\"font-size:14px\">- 2 c&acirc;y sả tươi: băm nhỏ</span></p>\r\n\r\n<p><span style=\"font-size:14px\">- 1 củ h&agrave;nh t&acirc;y: lột vỏ v&agrave; cắt miếng vu&ocirc;ng hoặc m&uacute;i cau</span></p>\r\n\r\n<p><span style=\"font-size:14px\">- 3 tr&aacute;i ớt chu&ocirc;ng đủ m&agrave;u xanh, đỏ, v&agrave;ng: th&aacute;i miếng vu&ocirc;ng 1 &iacute;t th&igrave; l&agrave;</span></p>\r\n\r\n<p><span style=\"font-size:14px\">- Rau ăn k&egrave;m: dưa leo, c&agrave; chua</span></p>\r\n\r\n<p><span style=\"font-size:14px\">- Gia vị: &Iacute;t đường v&agrave; hạt n&ecirc;m</span></p>\r\n\r\n<p><span style=\"font-size:14px\"><strong>b, C&aacute;ch l&agrave;m:</strong></span></p>\r\n\r\n<p><span style=\"font-size:14px\">- Bước 1: Ướp mực với sa tế, &iacute;t đường v&agrave; hạt n&ecirc;m trong khoảng 15 ph&uacute;t.</span></p>\r\n\r\n<p><span style=\"font-size:14px\">- Bước 2: Nếu bạn th&iacute;ch d&ugrave;ng x&agrave;o, c&oacute; thể sơ chế sẵn v&agrave; khi ăn chỉ việc dọn l&ecirc;n b&agrave;n, cho mực sa tế v&agrave;o x&agrave;o. D&ugrave;ng đến đ&acirc;u x&agrave;o đến đ&oacute;. Nhưng nếu th&iacute;ch nướng, bạn c&oacute; thể xi&ecirc;n lần lượt miếng mực, miếng ớt chu&ocirc;ng, miếng h&agrave;nh t&acirc;y v&agrave;o xi&ecirc;n que v&agrave; đem nướng.</span></p>\r\n\r\n<p><span style=\"font-size:14px\">- Khi d&ugrave;ng, bạn nhớ dọn k&egrave;m với dưa leo, c&agrave; chua v&agrave; &iacute;t cọng th&igrave; l&agrave;.</span></p>\r\n\r\n<p><span style=\"font-size:14px\"><strong>6. Mực om nước dừa hạt sen</strong></span></p>\r\n\r\n<p><span style=\"font-size:14px\"><strong>a, Nguy&ecirc;n liệu:</strong></span></p>\r\n\r\n<p><span style=\"font-size:14px\">- 500g mực ống tươi: l&agrave;m sạch v&agrave; để nguy&ecirc;n con</span></p>\r\n\r\n<p><span style=\"font-size:14px\">- 150g hạt sen</span></p>\r\n\r\n<p><span style=\"font-size:14px\">- 100g gi&ograve; sống</span></p>\r\n\r\n<p><span style=\"font-size:14px\">- 150ml nước dừa</span></p>\r\n\r\n<p><span style=\"font-size:14px\">- Gia vị: muối, ti&ecirc;u, đường, bột ngọt, hạt n&ecirc;m v&agrave; dầu ăn</span></p>\r\n\r\n<p><span style=\"font-size:14px\"><strong>b, C&aacute;ch l&agrave;m:</strong></span></p>\r\n\r\n<p><span style=\"font-size:14px\">- Bước 1: Luộc hạt sen đến ch&iacute;n, sau đ&oacute; chia l&agrave;m hai phần, một đem t&aacute;n nhuyễn v&agrave; một để nguy&ecirc;n hạt.</span></p>\r\n\r\n<p><span style=\"font-size:14px\">- Bước 2: Trộn đều phần gi&ograve; sống với hạt sen t&aacute;n nhuyễn, cho th&ecirc;m &iacute;t muối, đường v&agrave; ti&ecirc;u. Khi hỗn hợp đ&atilde; được trộn đều, bạn cho phần hạt sen v&agrave;o trộn tiếp tục.</span></p>\r\n\r\n<p><span style=\"font-size:14px\">- Bước 3: Nhồi hỗn hợp vừa trộn v&agrave;o con mực v&agrave; d&ugrave;ng tăm ghim cố định phần nh&acirc;n ở đầu con mực.</span></p>\r\n\r\n<p><span style=\"font-size:14px\">- Bước 4: Đổ nước dừa tươi v&agrave;o chảo s&acirc;u l&ograve;ng, sắp mực v&agrave;o c&ugrave;ng v&agrave; đun tr&ecirc;n lửa nhỏ đến khi nước dừa cạn v&agrave; mực chuyển m&agrave;u n&acirc;u v&agrave;ng đẹp mắt.</span></p>\r\n\r\n<p><span style=\"font-size:14px\">- M&oacute;n mực n&agrave;y tương tự như mực nhồi thịt nhưng vị ngọt đậm đ&agrave; v&agrave; thơm b&ugrave;i hơn nhiều nhờ phần hạt sen v&agrave; nước dừa.</span></p>\r\n\r\n<p><span style=\"font-size:14px\">- Ch&uacute;c bạn th&agrave;nh c&ocirc;ng với c&aacute;c m&oacute;n ngon từ mực tr&ecirc;n đ&acirc;y khi v&agrave;o bếp nh&eacute;!</span></p>\r\n\r\n<p><span style=\"font-size:14px\">Th&ocirc;ng tin li&ecirc;n hệ:</span></p>\r\n\r\n<p><span style=\"font-size:14px\">Địa chỉ:&nbsp;<strong>Cửa h&agrave;ng hải sản Quảng Ninh, số 26, ng&aacute;ch 8/11/36/105 L&ecirc; Quang Đạo, tổ 5, phường Ph&uacute; Đ&ocirc;, quận Nam Từ Li&ecirc;m, th&agrave;nh phố H&agrave; Nội.&nbsp;</strong></span></p>\r\n\r\n<p><span style=\"font-size:14px\">Điện thoại: 097 113 88 89 - 0916 695 087</span></p>\r\n\r\n<p><span style=\"font-size:14px\">Website :&nbsp;<a href=\"http://haisanquangninh.org/\">http://haisanquangninh.org</a></span></p>\r\n\r\n<p><span style=\"font-size:14px\">Email : haisanquangninh.org@gmail.com</span></p>\r\n\r\n<p><span style=\"font-size:14px\">Facebook:<a href=\"https://www.facebook.com/haisanquangninh.org\">https://www.facebook.com/haisanquangninh.org</a></span></p>', 250000, '2017-07-08 04:32:29', '2017-07-07 21:32:29'),
(57, 20, 26, 'Mực lá to (1 con 0.5kg)', 'muc-la-to-1-con-05kg', '<p><span style=\"font-size:14px\">-&nbsp;<strong>Mực L&aacute;</strong>&nbsp;Quảng Ninh được đ&aacute;nh bắt trong đ&ecirc;m sau đ&oacute; s&aacute;ng t&agrave;u cập bến được vận chuyển l&ecirc;n thẳng H&agrave; Nội n&ecirc;n &nbsp;đảm bảo rất tươi ngon.</span></p>\r\n\r\n<p><span style=\"font-size:14px\">* Hiện nay tr&ecirc;n thị trường Mực L&aacute; thường được ng&acirc;m nước để tăng trọng lượng của Mực v&igrave; vậy qu&yacute; kh&aacute;ch h&agrave;ng cần lưu &yacute; khi mua. Hải sản Quảng Ninh xin cam kết lu&ocirc;n đảm bảo chất lượng, kh&ocirc;ng ng&acirc;m nước, kh&ocirc;ng ng&acirc;m chất bảo quản, gi&aacute; cả hợp l&yacute;, đảm bảo tươi ngon nhất.</span></p>\r\n\r\n<ul>\r\n	<li><span style=\"font-size:14px\">Mực l&aacute; nhỏ từ 3 con - 4 con/1kg gi&aacute;: 250.000đ</span></li>\r\n	<li><span style=\"font-size:14px\">Mực l&aacute; to từ 0,5kg/com gi&aacute;: 320.000đ</span></li>\r\n</ul>\r\n\r\n<p><span style=\"font-size:14px\">-&nbsp;<a href=\"http://haisanquangninh.org/danhmuc/Muc-tuoi/18.html\"><strong>Mực L&aacute;</strong></a>&nbsp;(t&ecirc;n tiếng Anh: Bigfin reef Squid (Broad squid); t&ecirc;n khoa học: Sepioteuthis lessoniana): l&agrave; lo&agrave;i mực c&oacute; cơ thể lớn, nh&igrave;n bề ngo&agrave;i vừa giống mực nang, vừa giống mực ống. Mực l&aacute; được ph&acirc;n biệt dể d&agrave;ng với những loại mực kh&aacute;c ở chỗ ch&uacute;ng c&oacute; v&acirc;y d&agrave;y h&igrave;nh bầu dục khỏe mở rộng xung quanh gần như to&agrave;n bộ lớp &aacute;o.</span></p>\r\n\r\n<p><span style=\"font-size:14px\"><strong>- Mực l&aacute;</strong>&nbsp;c&oacute; thể đạt được trọng lượng tối đa 1,8 kg đ&atilde; được ghi nhận trong văn bản. C&aacute;c chế độ ăn uống của mực l&aacute; bao gồm c&aacute; chủ yếu l&agrave; động vật gi&aacute;p x&aacute;c v&agrave; c&aacute; nhỏ. Ch&uacute;ng thường được t&igrave;m thấy gần bờ biển, gần tảng đ&aacute;, v&agrave; c&aacute;c rạn san h&ocirc;. Ch&uacute;ng bị được đ&aacute;nh bắt với số lượng lớn cho con người ở ch&acirc;u &Aacute;.</span></p>\r\n\r\n<p><span style=\"font-size:14px\"><strong>- Mực l&aacute;</strong>&nbsp;l&agrave; một lo&agrave;i mực quan trọng về thương mại. Giống như c&aacute;c th&agrave;nh vi&ecirc;n kh&aacute;c của chi Sepioteuthis, mực l&aacute; rất dễ d&agrave;ng để ph&acirc;n biệt với c&aacute;c loại mực kh&aacute;c ở chỗ ch&uacute;ng c&oacute; v&acirc;y d&agrave;y h&igrave;nh bầu dục khỏe mở rộng xung quanh gần như to&agrave;n bộ lớp &aacute;o. Lớp &aacute;o của mực l&aacute; c&oacute; h&igrave;nh trụ, thon dần đến một h&igrave;nh n&oacute;n c&ugrave;n ở ph&iacute;a sau.</span></p>\r\n\r\n<p><span style=\"font-size:14px\">Th&ocirc;ng tin li&ecirc;n hệ:</span></p>\r\n\r\n<p><span style=\"font-size:14px\">Địa chỉ: Cửa h&agrave;ng Hải sản Quảng Ninh, Số 26, ng&aacute;ch 8/11/36/105 L&ecirc; Quang Đạo, tổ d&acirc;n phố 5, phường Ph&uacute; Đ&ocirc;, quận Nam Từ Li&ecirc;m, th&agrave;nh phố H&agrave; Nội.</span></p>\r\n\r\n<p><span style=\"font-size:14px\">Điện thoại: 097 113 88 89 - 0916 695 087</span></p>\r\n\r\n<p><span style=\"font-size:14px\">Website :&nbsp;<a href=\"http://haisanquangninh.org/\">http://haisanquangninh.org</a></span></p>\r\n\r\n<p><span style=\"font-size:14px\">Email : haisanquangninh.org@gmail.com</span></p>\r\n\r\n<p><span style=\"font-size:14px\">Facebook:<a href=\"https://www.facebook.com/haisanquangninh.org\">https://www.facebook.com/haisanquangninh.org</a></span></p>', 320000, '2017-07-08 04:32:29', '2017-07-07 21:32:29');
INSERT INTO `haisan` (`id`, `id_menu`, `id_theloai`, `title`, `url`, `noidung`, `gia`, `created_at`, `updated_at`) VALUES
(58, 20, 26, 'Mực ống (7-10 con/1kg)', 'muc-ong-7-10-con1kg', '<p><span style=\"font-size:14px\"><a href=\"http://haisanquangninh.org/danhmuc/Muc-tuoi/18.html\"><strong>Mực ống</strong></a>&nbsp;l&agrave; loại mực ngon nhất trong họ h&agrave;ng nh&agrave; mực. Được chế biến rất nhiều m&oacute;n như: mực nướng, mực x&agrave;o, lẩu mực, mực chi&ecirc;n nước mắm, mực nhồi thịt&hellip;&nbsp;<strong>Mực ống</strong>&nbsp;được đ&aacute;nh bắt trực tiếp từ biển, v&agrave; được ngư d&acirc;n cấp đ&ocirc;ng ngay tr&ecirc;n t&agrave;u nhằm bảo quản mực một c&aacute;ch ngon nhất.</span></p>\r\n\r\n<p><span style=\"font-size:14px\">Bộ&nbsp;<strong>Mực ống</strong>&nbsp;l&agrave; một nh&oacute;m động vật biển thuộc si&ecirc;u bộ Mười ch&acirc;n của lớp Ch&acirc;n đầu .<strong>&nbsp;Mực ống</strong>&nbsp;c&oacute; phần th&acirc;n v&agrave; phần đầu r&otilde; r&agrave;ng. Th&acirc;n c&acirc;n xứng hai ph&iacute;a, c&oacute; da v&agrave; c&oacute; 8 tay v&agrave; một cặp x&uacute;c tu. Mực ống c&oacute; chứa hợp chất mực m&agrave;u đen trong cơ thể, khi gặp nguy hiểm, mực phun ra tạo m&agrave;n đen d&agrave;y đặc, qua đ&oacute; lẫn trốn khỏi nguy cơ đe dọa.</span></p>\r\n\r\n<p><span style=\"font-size:14px\"><strong>Mực tươi sống</strong>&nbsp;được đ&aacute;nh bắt s&aacute;ng sớm t&agrave;u cập bến thu gom lại v&agrave; h&agrave;ng chuyển thẳng l&ecirc;n H&agrave; Nội trong buổi s&aacute;ng. Từ buổi chiều th&igrave; chỉ c&ograve;n h&agrave;ng bảo quản ngăn đ&ocirc;ng.</span></p>\r\n\r\n<ul>\r\n	<li><span style=\"font-size:14px\">Mực ống tươi loại 4-6 con gi&aacute;: 250.000đ</span></li>\r\n	<li><span style=\"font-size:14px\">Mực ống tươi loại 7-10 con gi&aacute;: 230.000đ</span></li>\r\n</ul>\r\n\r\n<p><span style=\"font-size:14px\"><a href=\"http://haisanquangninh.org/sanpham/Muc-la-to/20.html\"><strong>C&Aacute;C M&Oacute;N ĂN NGON TỪ MỰC</strong></a></span></p>\r\n\r\n<p><span style=\"font-size:14px\"><strong>1. Mực x&agrave;o chua ngọt</strong></span></p>\r\n\r\n<p><span style=\"font-size:14px\"><strong>a, Nguy&ecirc;n liệu</strong></span></p>\r\n\r\n<p><span style=\"font-size:14px\">- 300g mực tươi (mực l&aacute;): rửa sạch, cắt miếng nhỏ v&agrave; khứa ngang dọc tr&ecirc;n mỗi miếng</span></p>\r\n\r\n<p><span style=\"font-size:14px\">- 1 củ h&agrave;nh t&acirc;y: lột vỏ v&agrave; th&aacute;i m&uacute;i cau</span></p>\r\n\r\n<p><span style=\"font-size:14px\">- 1 tr&aacute;i c&agrave; chua: rửa sạch v&agrave; th&aacute;i m&uacute;i cau</span></p>\r\n\r\n<p><span style=\"font-size:14px\">- 1.4 miếng thơm: cắt bỏ c&ugrave;i v&agrave; th&aacute;i miếng nhỏ</span></p>\r\n\r\n<p><span style=\"font-size:14px\">- 1 tr&aacute;i dưa leo: cắt đ&ocirc;i, kho&eacute;t bỏ ruột v&agrave; th&aacute;i ch&eacute;o</span></p>\r\n\r\n<p><span style=\"font-size:14px\">- &Iacute;t cọng cần t&acirc;y: cắt bỏ rễ v&agrave; th&aacute;i kh&uacute;c d&agrave;i bằng &frac12; đốt tay</span></p>\r\n\r\n<p><span style=\"font-size:14px\">- 1/2 tr&aacute;i ớt chu&ocirc;ng v&agrave;ng v&agrave; &frac12; tr&aacute;i ớt chu&ocirc;ng xanh: cắt miếng vu&ocirc;ng</span></p>\r\n\r\n<p><span style=\"font-size:14px\">- 10g nấm rơm: rửa sạch, ng&acirc;m qua nước muối v&agrave; cắt đ&ocirc;i</span></p>\r\n\r\n<p><span style=\"font-size:14px\">- 1/2 muỗng c&agrave; ph&ecirc; mỗi loại: tỏi v&agrave; h&agrave;nh băm</span></p>\r\n\r\n<p><span style=\"font-size:14px\">- 1/2 ch&eacute;n rượu trắng</span></p>\r\n\r\n<p><span style=\"font-size:14px\">- Gia vị: nước mắm, dầu h&agrave;o, hạt n&ecirc;m v&agrave; dầu ăn</span></p>\r\n\r\n<p style=\"text-align:center\"><span style=\"font-size:14px\"><img alt=\"\" src=\"http://haisanquangninh.org/data/dulieu/images/muc-xao-dua-chua-ngot.jpg\" /></span></p>\r\n\r\n<p><span style=\"font-size:14px\"><strong>b, C&aacute;ch l&agrave;m</strong></span></p>\r\n\r\n<p><span style=\"font-size:14px\">- Bước 1: Ướp mực tươi với &iacute;t muối v&agrave; hạt n&ecirc;m khoảng 10 ph&uacute;t.</span></p>\r\n\r\n<p><span style=\"font-size:14px\">- Bước 2: Phi thơm h&agrave;nh, tỏi v&agrave; cho mực v&agrave;o x&agrave;o nhanh, sau đ&oacute; tr&uacute;t ra đĩa, để ri&ecirc;ng.</span></p>\r\n\r\n<p><span style=\"font-size:14px\">- Bước 3: Cho th&ecirc;m &iacute;t dầu v&agrave;o chảo, khử dầu với &iacute;t h&agrave;nh cho thơm, sau đ&oacute; cho lần lượt h&agrave;nh t&acirc;y, dưa leo, nấm rơm, ớt chu&ocirc;ng, thơm v&agrave;o x&agrave;o đều.</span></p>\r\n\r\n<p><span style=\"font-size:14px\">- Bước 4: Khi thấy c&aacute;c nguy&ecirc;n liệu vừa ch&iacute;n tới, cho mực v&agrave;o đảo đều, n&ecirc;m lại gia vị với dầu h&agrave;o, &iacute;t nước mắm v&agrave; hạt n&ecirc;m.</span></p>\r\n\r\n<p><span style=\"font-size:14px\">- Bước 5: Khi chuẩn bị tắt bếp, bạn cho cần t&acirc;y l&ecirc;n mặt để hơi n&oacute;ng l&agrave;m ch&iacute;n dần m&agrave; kh&ocirc;ng cần đảo đều.</span></p>\r\n\r\n<p><span style=\"font-size:14px\">- M&oacute;n mực x&agrave;o chua ngọt lu&ocirc;n gi&uacute;p bữa cơm trưa của gia đ&igrave;nh th&ecirc;m phần ngon miệng v&agrave; ấm &aacute;p.</span></p>\r\n\r\n<p><span style=\"font-size:14px\"><strong>2. Mực nướng chao</strong></span></p>\r\n\r\n<p><span style=\"font-size:14px\"><strong>a, Nguy&ecirc;n liệu:</strong></span></p>\r\n\r\n<p><span style=\"font-size:14px\">-1kg mực tươi (chỉ lấy m&igrave;nh, đầu để ri&ecirc;ng): cắt mỗi con l&agrave;m đ&ocirc;i</span></p>\r\n\r\n<p><span style=\"font-size:14px\">-1/2 hũ chao trắng v&agrave; 1/2 hũ chao đỏ</span></p>\r\n\r\n<p><span style=\"font-size:14px\">- 5ml nước cốt chanh</span></p>\r\n\r\n<p><span style=\"font-size:14px\">- V&agrave;i l&aacute; t&iacute;a t&ocirc; th&aacute;i sợi</span></p>\r\n\r\n<p><span style=\"font-size:14px\">- 5ml dầu m&egrave;</span></p>\r\n\r\n<p><span style=\"font-size:14px\">- Đồ chua gồm củ sen, h&agrave;nh t&acirc;y v&agrave; kiệu.</span></p>\r\n\r\n<p><span style=\"font-size:14px\">- Gia vị: tỏi, rượu thơm, tương ớt, đường, sa tế</span></p>\r\n\r\n<p><span style=\"font-size:14px\">- C&aacute;c bước thực hiện mực nướng chao</span></p>\r\n\r\n<p style=\"text-align:center\"><span style=\"font-size:14px\"><img alt=\"\" src=\"http://haisanquangninh.org/data/dulieu/images/muc-nuong-chao.jpg\" /></span></p>\r\n\r\n<p><span style=\"font-size:14px\"><strong>b, C&aacute;ch l&agrave;m:</strong></span></p>\r\n\r\n<p><span style=\"font-size:14px\">- Bước 1: Ướp mực với chao đỏ, 1 muỗng c&agrave; ph&ecirc; rượu thơm, 1 muỗng c&agrave; ph&ecirc; nước mắm, tỏi,</span></p>\r\n\r\n<p><span style=\"font-size:14px\">- dầu m&egrave;. Ướp trong khoảng nửa tiếng.</span></p>\r\n\r\n<p><span style=\"font-size:14px\">- Bước 2: Trong l&uacute;c đợi mực thấm gia vị, bạn lấy chao trắng t&aacute;n nhuyễn v&agrave; trộn th&ecirc;m &iacute;t sa tế, nước cốt chanh v&agrave; &iacute;t đường cho vừa miệng.</span></p>\r\n\r\n<p><span style=\"font-size:14px\">- Bước 3: Phần rau ăn k&egrave;m, bạn chỉ việc trộn t&iacute;a t&ocirc; th&aacute;i sợi v&agrave; củ kiệu, h&agrave;nh t&acirc;y lại với nhau.</span></p>\r\n\r\n<p><span style=\"font-size:14px\">- Bước 4: Khi l&ograve; than hoa hừng lửa, bạn cho mực l&ecirc;n nướng tr&ecirc;n vỉ. Trở đều để mực kh&ocirc;ng bị ch&aacute;y.</span></p>\r\n\r\n<p><span style=\"font-size:14px\">- M&oacute;n mực n&agrave;y th&iacute;ch hợp để l&agrave;m m&oacute;n nhậu, m&oacute;n ăn vặt trong những dịp họp bạn b&egrave; v&agrave;o cuối tuần.</span></p>\r\n\r\n<p><span style=\"font-size:14px\"><strong>3. Mực nhồi thịt.</strong></span></p>\r\n\r\n<p><span style=\"font-size:14px\"><strong>a, Chuẩn bị:</strong></span></p>\r\n\r\n<p><span style=\"font-size:14px\">- 350g mực ống tươi: Rửa sạch, bỏ mật đen v&agrave; giữ nguy&ecirc;n m&igrave;nh, ri&ecirc;ng đầu bạn băm nhỏ để d&agrave;nh cho phần trộn nh&acirc;n.</span></p>\r\n\r\n<p><span style=\"font-size:14px\">- 200g thịt nạc băm</span></p>\r\n\r\n<p><span style=\"font-size:14px\">- 3 tai nấm m&egrave;o: rửa sạch, ng&acirc;m nở, cắt bỏ cồi v&agrave; băm nhuyễn</span></p>\r\n\r\n<p><span style=\"font-size:14px\">- 5 tai nấm hương kh&ocirc;: ng&acirc;m nở v&agrave; băm nhỏ</span></p>\r\n\r\n<p><span style=\"font-size:14px\">- V&agrave;i cọng th&igrave; l&agrave; v&agrave; h&agrave;nh l&aacute;: th&aacute;i nhỏ</span></p>\r\n\r\n<p><span style=\"font-size:14px\">- 1 muỗng c&agrave; ph&ecirc; h&agrave;nh t&iacute;m băm</span></p>\r\n\r\n<p><span style=\"font-size:14px\">- Gia vị: muối, hạt n&ecirc;m, đường</span></p>\r\n\r\n<p style=\"text-align:center\"><span style=\"font-size:14px\"><img alt=\"\" src=\"http://haisanquangninh.org/data/dulieu/images/muc-nhoi-thit-ngon.jpg\" /></span></p>\r\n\r\n<p><span style=\"font-size:14px\"><strong>b, C&aacute;ch l&agrave;m:</strong></span></p>\r\n\r\n<p><span style=\"font-size:14px\">- Bước 1: Bạn trộn đầu mực đ&atilde; băm với thịt, nấm hương, nấm m&egrave;o, h&agrave;nh t&iacute;m, h&agrave;nh xanh, th&igrave; l&agrave; v&agrave; c&aacute;c gia vị lại với nhau cho thật đều. Để như vậy khoảng 15 ph&uacute;t để c&aacute;c nguy&ecirc;n liệu thấm đều.</span></p>\r\n\r\n<p><span style=\"font-size:14px\">- Bước 2: D&ugrave;ng phần th&acirc;n muỗng m&uacute;c nh&acirc;n v&agrave; nhồi v&agrave;o mỗi con mực cho thật căng đầy. Sau đ&oacute;, d&ugrave;ng tăm ghim ở phần đầu để cố định nh&acirc;n. Lần lượt l&agrave;m cho đến hết số mực v&agrave; nh&acirc;n đ&atilde; chuẩn bị.</span></p>\r\n\r\n<p><span style=\"font-size:14px\">- Bước 3: Cho mực v&agrave;o chảo, đổ dầu vừa ngập mặt v&agrave; chi&ecirc;n. Khi thấy mực v&agrave;ng mặt, trở lại v&agrave; tiếp tục chi&ecirc;n đến khi mực v&agrave;ng đều. Muốn mực gi&ograve;n, khi sắp tắt bếp, bạn vặn lửa lớn.</span></p>\r\n\r\n<p><span style=\"font-size:14px\">- Nếu th&iacute;ch ăn c&ugrave;ng sốt, bạn c&oacute; thể chọn sốt c&agrave; chua hoặc sốt dứa. Bằng kh&ocirc;ng, bạn c&oacute; thể d&ugrave;ng thế n&agrave;y cũng đủ ngon.</span></p>\r\n\r\n<p><span style=\"font-size:14px\"><strong>4. Mực chi&ecirc;n x&ugrave;</strong></span></p>\r\n\r\n<p><span style=\"font-size:14px\"><strong>a, chuẩn bị:</strong></span></p>\r\n\r\n<p><span style=\"font-size:14px\">- 500g mực l&aacute;</span></p>\r\n\r\n<p><span style=\"font-size:14px\">- 2 quả trứng</span></p>\r\n\r\n<p><span style=\"font-size:14px\">- 200g bột m&igrave;</span></p>\r\n\r\n<p><span style=\"font-size:14px\">- 100g vụn b&aacute;nh m&igrave;</span></p>\r\n\r\n<p><span style=\"font-size:14px\">- 350g bột chi&ecirc;n x&ugrave;</span></p>\r\n\r\n<p><span style=\"font-size:14px\">- 30ml nước tương</span></p>\r\n\r\n<p><span style=\"font-size:14px\">- 50ml tương c&agrave;</span></p>\r\n\r\n<p><span style=\"font-size:14px\">- 50ml sốt mayonaise</span></p>\r\n\r\n<p><span style=\"font-size:14px\">- Gia vị: rượu trắng, ti&ecirc;u, muối, hạt n&ecirc;m v&agrave; dầu ăn</span></p>\r\n\r\n<p style=\"text-align:center\"><span style=\"font-size:14px\"><img alt=\"\" src=\"http://haisanquangninh.org/data/dulieu/images/muc-chien-xu.jpg\" /></span></p>\r\n\r\n<p><span style=\"font-size:14px\"><strong>b, c&aacute;ch l&agrave;m:</strong></span></p>\r\n\r\n<p><span style=\"font-size:14px\">- Bước 1: Cắt mực th&agrave;nh từng khoanh, đem ướp với rượu trắng, ti&ecirc;u v&agrave; muối trong khoảng 15 ph&uacute;t.</span></p>\r\n\r\n<p><span style=\"font-size:14px\">- Bước 2: Đ&aacute;nh trứng đều trong một chiếc t&ocirc; lớn. Cho bột x&ugrave;, bột m&igrave;, vụn b&aacute;nh m&igrave; ra đĩa rộng.</span></p>\r\n\r\n<p><span style=\"font-size:14px\">- Bước 3: Lăn mực qua bột m&igrave;, kế đến nh&uacute;ng v&agrave;o trứng v&agrave; sau c&ugrave;ng &aacute;o đều lớp vụn b&aacute;nh m&igrave; c&ugrave;ng bột chi&ecirc;n x&ugrave;.</span></p>\r\n\r\n<p><span style=\"font-size:14px\">- Bước 4: Cho mực v&agrave;o chảo dầu ngập đang s&ocirc;i v&agrave; chi&ecirc;n đến khi bột chuyển sang m&agrave;u v&agrave;ng th&igrave; vớt ra ngo&agrave;i. Thực hiện lần lượt cho đến hết số mực đ&atilde; chuẩn bị.</span></p>\r\n\r\n<p><span style=\"font-size:14px\">- Để mực chi&ecirc;n x&ugrave; kh&ocirc;ng thấm nhiều dầu, bạn n&ecirc;n chuẩn bị trước một khay l&oacute;t giấy thấm dầu. Mực chi&ecirc;n x&ugrave; ăn ngon hơn khi chấm c&ugrave;ng tương ớt trộn đều với sốt mayonaise.</span></p>\r\n\r\n<p><span style=\"font-size:14px\"><strong>5. Mực x&agrave;o sa tế</strong></span></p>\r\n\r\n<p><span style=\"font-size:14px\"><strong>a, Nguy&ecirc;n liệu:</strong></span></p>\r\n\r\n<p><span style=\"font-size:14px\">- 1 kg mực tươi: rửa sạch v&agrave; cắt miếng vu&ocirc;ng trước khi kh&iacute;a ngang, dọc 1 hũ sa tế</span></p>\r\n\r\n<p><span style=\"font-size:14px\">- 2 c&acirc;y sả tươi: băm nhỏ</span></p>\r\n\r\n<p><span style=\"font-size:14px\">- 1 củ h&agrave;nh t&acirc;y: lột vỏ v&agrave; cắt miếng vu&ocirc;ng hoặc m&uacute;i cau</span></p>\r\n\r\n<p><span style=\"font-size:14px\">- 3 tr&aacute;i ớt chu&ocirc;ng đủ m&agrave;u xanh, đỏ, v&agrave;ng: th&aacute;i miếng vu&ocirc;ng 1 &iacute;t th&igrave; l&agrave;</span></p>\r\n\r\n<p><span style=\"font-size:14px\">- Rau ăn k&egrave;m: dưa leo, c&agrave; chua</span></p>\r\n\r\n<p><span style=\"font-size:14px\">- Gia vị: &Iacute;t đường v&agrave; hạt n&ecirc;m</span></p>\r\n\r\n<p style=\"text-align:center\"><span style=\"font-size:14px\"><img alt=\"\" src=\"http://haisanquangninh.org/data/dulieu/images/cach-lam-muc-xao-sa-te.jpg\" /></span></p>\r\n\r\n<p><span style=\"font-size:14px\"><strong>b, C&aacute;ch l&agrave;m:</strong></span></p>\r\n\r\n<p><span style=\"font-size:14px\">- Bước 1: Ướp mực với sa tế, &iacute;t đường v&agrave; hạt n&ecirc;m trong khoảng 15 ph&uacute;t.</span></p>\r\n\r\n<p><span style=\"font-size:14px\">- Bước 2: Nếu bạn th&iacute;ch d&ugrave;ng x&agrave;o, c&oacute; thể sơ chế sẵn v&agrave; khi ăn chỉ việc dọn l&ecirc;n b&agrave;n, cho mực sa tế v&agrave;o x&agrave;o. D&ugrave;ng đến đ&acirc;u x&agrave;o đến đ&oacute;. Nhưng nếu th&iacute;ch nướng, bạn c&oacute; thể xi&ecirc;n lần lượt miếng mực, miếng ớt chu&ocirc;ng, miếng h&agrave;nh t&acirc;y v&agrave;o xi&ecirc;n que v&agrave; đem nướng.</span></p>\r\n\r\n<p><span style=\"font-size:14px\">- Khi d&ugrave;ng, bạn nhớ dọn k&egrave;m với dưa leo, c&agrave; chua v&agrave; &iacute;t cọng th&igrave; l&agrave;.</span></p>\r\n\r\n<p><span style=\"font-size:14px\"><strong>6. Mực om nước dừa hạt sen</strong></span></p>\r\n\r\n<p><span style=\"font-size:14px\"><strong>a, Nguy&ecirc;n liệu:</strong></span></p>\r\n\r\n<p><span style=\"font-size:14px\">- 500g mực ống tươi: l&agrave;m sạch v&agrave; để nguy&ecirc;n con</span></p>\r\n\r\n<p><span style=\"font-size:14px\">- 150g hạt sen</span></p>\r\n\r\n<p><span style=\"font-size:14px\">- 100g gi&ograve; sống</span></p>\r\n\r\n<p><span style=\"font-size:14px\">- 150ml nước dừa</span></p>\r\n\r\n<p><span style=\"font-size:14px\">- Gia vị: muối, ti&ecirc;u, đường, bột ngọt, hạt n&ecirc;m v&agrave; dầu ăn</span></p>\r\n\r\n<p><span style=\"font-size:14px\"><strong>b, C&aacute;ch l&agrave;m:</strong></span></p>\r\n\r\n<p><span style=\"font-size:14px\">- Bước 1: Luộc hạt sen đến ch&iacute;n, sau đ&oacute; chia l&agrave;m hai phần, một đem t&aacute;n nhuyễn v&agrave; một để nguy&ecirc;n hạt.</span></p>\r\n\r\n<p><span style=\"font-size:14px\">- Bước 2: Trộn đều phần gi&ograve; sống với hạt sen t&aacute;n nhuyễn, cho th&ecirc;m &iacute;t muối, đường v&agrave; ti&ecirc;u. Khi hỗn hợp đ&atilde; được trộn đều, bạn cho phần hạt sen v&agrave;o trộn tiếp tục.</span></p>\r\n\r\n<p><span style=\"font-size:14px\">- Bước 3: Nhồi hỗn hợp vừa trộn v&agrave;o con mực v&agrave; d&ugrave;ng tăm ghim cố định phần nh&acirc;n ở đầu con mực.</span></p>\r\n\r\n<p><span style=\"font-size:14px\">- Bước 4: Đổ nước dừa tươi v&agrave;o chảo s&acirc;u l&ograve;ng, sắp mực v&agrave;o c&ugrave;ng v&agrave; đun tr&ecirc;n lửa nhỏ đến khi nước dừa cạn v&agrave; mực chuyển m&agrave;u n&acirc;u v&agrave;ng đẹp mắt.</span></p>\r\n\r\n<p><span style=\"font-size:14px\">- M&oacute;n mực n&agrave;y tương tự như mực nhồi thịt nhưng vị ngọt đậm đ&agrave; v&agrave; thơm b&ugrave;i hơn nhiều nhờ phần hạt sen v&agrave; nước dừa.</span></p>\r\n\r\n<p><span style=\"font-size:14px\">- Ch&uacute;c bạn th&agrave;nh c&ocirc;ng với c&aacute;c m&oacute;n ngon từ mực tr&ecirc;n đ&acirc;y khi v&agrave;o bếp nh&eacute;!</span></p>\r\n\r\n<p><span style=\"font-size:14px\">Th&ocirc;ng tin li&ecirc;n hệ:</span></p>\r\n\r\n<p><span style=\"font-size:14px\">Địa chỉ:&nbsp;<a href=\"http://haisanquangninh.org/baiviet/Lien-he/5.html\"><strong>Cửa h&agrave;ng hải sản Quảng Ninh</strong></a>, số 26, ng&aacute;ch 8/11/36/105 L&ecirc; Quang Đạo, tổ 5, Ph&uacute; Đ&ocirc;, Nam Từ Li&ecirc;m, H&agrave; Nội.</span></p>\r\n\r\n<p><span style=\"font-size:14px\">Điện thoại: 097 113 88 89 - 0916 695 087</span></p>\r\n\r\n<p><span style=\"font-size:14px\">Website :&nbsp;<a href=\"http://haisanquangninh.org/danhmuc/Hai-san-tuoi-song/2.html\">http://haisanquangninh.org</a></span></p>\r\n\r\n<p><span style=\"font-size:14px\">Email : haisanquangninh.org@gmail.com</span></p>\r\n\r\n<p><span style=\"font-size:14px\">Facebook:<a href=\"https://www.facebook.com/haisanquangninh.org\">https://www.facebook.com/haisanquangninh.org</a></span></p>', 230000, '2017-07-08 04:32:29', '2017-07-07 21:32:29'),
(59, 21, 33, 'Mực khô (13 con - 15 con/kg)', 'muc-kho-13-con-15-conkg', '<p><span style=\"font-size:14px\"><strong>Mực Kh&ocirc; C&ocirc; T&ocirc; Quảng Ninh</strong>&nbsp;được lựa chọn từ những con&nbsp;<strong><a href=\"http://haisanquangninh.org/sanpham/Muc-ong/17.html\">Mực ống tươi ngon</a></strong>&nbsp;nhất sau khi đ&aacute;nh bắt những con mực c&ograve;n tươi r&oacute;i, người ta sẽ xẻ v&agrave; l&agrave;m sạch con mực, chỉ để lại phần th&acirc;n v&agrave; phần đầu rồi đem phơi nắng trong điều kiện tự nhi&ecirc;n cho đến khi con mực đảm bảo ho&agrave;n to&agrave;n kh&ocirc; r&aacute;o, thịt trong c&oacute; vị ngọt lịm tự nhi&ecirc;n, da trắng hồng, hương vị thơm ngon v&agrave; c&oacute; độ dai vừa phải.</span></p>\r\n\r\n<ul>\r\n	<li><span style=\"font-size:14px\">Mực kh&ocirc; loại 8-10 con gi&aacute;: 780.000đ</span></li>\r\n	<li><span style=\"font-size:14px\">Mực kh&ocirc; loại 13-15 con gi&aacute;: 700.000đ</span></li>\r\n</ul>\r\n\r\n<p><span style=\"font-size:14px\">Th&ocirc;ng tin li&ecirc;n hệ:</span></p>\r\n\r\n<p><span style=\"font-size:14px\">Địa chỉ:&nbsp;<a href=\"http://haisanquangninh.org/baiviet/Lien-he/5.html\"><strong>Cửa h&agrave;ng hải sản Quảng Ninh</strong></a>, số 26, ng&aacute;ch 8/11/36/105 L&ecirc; Quang Đạo, tổ d&acirc;n phố 5, phường Ph&uacute; Đ&ocirc;, quận Nam Từ Li&ecirc;m, th&agrave;nh phố H&agrave; Nội.</span></p>\r\n\r\n<p><span style=\"font-size:14px\">Điện thoại: 097 113 88 89 - 0916 695 087</span></p>\r\n\r\n<p><span style=\"font-size:14px\">Website :&nbsp;<a href=\"http://haisanquangninh.org/\">http://haisanquangninh.org</a></span></p>\r\n\r\n<p><span style=\"font-size:14px\">Facebook:<a href=\"https://www.facebook.com/haisanquangninh.org\">https://www.facebook.com/haisanquangninh.org</a></span></p>\r\n\r\n<p><span style=\"font-size:14px\">Email : haisanquangninh.org@gmail.com</span></p>', 650000, '2017-07-08 04:32:30', '2017-07-07 21:32:30'),
(60, 21, 34, 'Cá ngựa (Hải Mã) (1 cặp)', 'ca-ngua-hai-ma-1-cap', '<p><span style=\"font-size:14px\"><strong>C&aacute; ngựa&nbsp;</strong>hay c&ograve;n gọi l&agrave;&nbsp;<strong>Hải M&atilde;</strong>&nbsp;l&agrave; loại dược liệu qu&yacute; của Đ&ocirc;ng y c&oacute; t&aacute;c dụng bổ thận tr&aacute;ng dương chữa bệnh suy nhược cơ thể, yếu sinh l&yacute;, đau lưng, hiếm muộn, hen suyễn , chủ yếu c&oacute; ở c&aacute;c nước ở v&ugrave;ng biển Đ&ocirc;ng Nam &Aacute;, Việt Nam, Trung Quốc...</span></p>\r\n\r\n<p><span style=\"font-size:14px\"><a href=\"http://haisanquangninh.org/danhmuc/Ca-ngua/23.html\"><strong>C&aacute; ngựa kh&ocirc; Quảng Ninh</strong></a>&nbsp;được b&aacute;n theo cặp, Chất lượng tốt v&agrave; h&agrave;ng đ&uacute;ng 100% bởi c&aacute;c đặc điểm sau:</span></p>\r\n\r\n<p><span style=\"font-size:14px\">- C&oacute; m&ugrave;i tanh nhẹ, khi ngửi thấy thơm, dễ chịu như m&ugrave;i c&aacute; kh&ocirc;.</span></p>\r\n\r\n<p><span style=\"font-size:14px\">- Mắt v&agrave; miệng c&ograve;n nguy&ecirc;n vẹn.</span></p>\r\n\r\n<p><span style=\"font-size:14px\">- Th&acirc;n c&aacute; kh&ocirc; sạch kh&ocirc;ng d&iacute;nh tạp chất. Gai tr&ecirc;n th&acirc;n c&aacute; nh&ocirc; ra r&otilde; v&agrave; sắc.</span></p>\r\n\r\n<p><span style=\"font-size:14px\">-&nbsp;<strong>C&aacute; ngựa</strong>&nbsp;trưởng th&agrave;nh, k&iacute;ch thước lớn, chiều d&agrave;i b&igrave;nh qu&acirc;n 12 cm.</span></p>\r\n\r\n<p><span style=\"font-size:14px\"><strong>Bảng gi&aacute; C&aacute; ngựa</strong></span></p>\r\n\r\n<ul>\r\n	<li><span style=\"font-size:14px\">C&aacute; ngựa loại đặc biệt d&agrave;i từ 13cm - 16cm gi&aacute; 550.000đ/cặp</span></li>\r\n	<li><span style=\"font-size:14px\">C&aacute; ngựa loại to d&agrave;i từ 10cm - 12cm gi&aacute; 390.000đ/cặp</span></li>\r\n	<li><span style=\"font-size:14px\">C&aacute; ngựa loại vừa d&agrave;i từ 8cm - 10cm gi&aacute; 300.000đ/cặp</span></li>\r\n</ul>\r\n\r\n<p><span style=\"font-size:14px\">Th&ocirc;ng tin li&ecirc;n hệ:</span></p>\r\n\r\n<p><span style=\"font-size:14px\">Địa chỉ:&nbsp;<a href=\"http://haisanquangninh.org/baiviet/Lien-he/5.html\"><strong>Cửa h&agrave;ng hải sản Quảng Ninh</strong></a>, Số 26, ng&aacute;ch 8/11/36/105 L&ecirc; Quang Đạo,&nbsp;tổ d&acirc;n phố 5, phường Ph&uacute; Đ&ocirc;, quận Nam Từ Li&ecirc;m, th&agrave;nh phố H&agrave; Nội.</span></p>\r\n\r\n<p><span style=\"font-size:14px\">Điện thoại: 097 113 88 89 - 0916 695 087</span></p>\r\n\r\n<p><span style=\"font-size:14px\">Website :&nbsp;<a href=\"http://haisanquangninh.org/\">http://haisanquangninh.org</a></span></p>\r\n\r\n<p><span style=\"font-size:14px\">Email : haisanquangninh.org@gmail.com</span></p>\r\n\r\n<p><span style=\"font-size:14px\">Facebook:&nbsp;<a href=\"https://www.facebook.com/haisanquangninh.org\">https://www.facebook.com/haisanquangninh.org</a>&nbsp;</span></p>', 390000, '2017-07-08 04:32:29', '2017-07-07 21:32:29'),
(61, 21, 35, 'Tôm khô bóc nõn (1kg)', 'tom-kho-boc-non-1kg', '<p><span style=\"font-size:14px\"><strong>T&ocirc;m kh&ocirc; b&oacute;c n&otilde;n Quảng Ninh</strong>&nbsp;l&agrave;m từ t&ocirc;m biển tự nhi&ecirc;n, được đ&aacute;nh bắt từ v&ugrave;ng biển Quảng Ninh sau đ&oacute; b&oacute;c n&otilde;n phơi kh&ocirc; với nắng tự nhi&ecirc;n.&nbsp;<strong>T&ocirc;m kh&ocirc;</strong>&nbsp;b&oacute;c n&otilde;n với nhiều dinh dưỡng c&oacute; m&agrave;u sắc v&agrave; vị ngọt tự nhi&ecirc;n c&oacute; thể l&agrave;m được nhiều m&oacute;n ăn như: nấu canh, rang, kho với thịt ba chỉ, l&agrave;m nem hải sản, l&agrave;m gỏi, nấu b&uacute;n ri&ecirc;u, nấu ch&aacute;o...&nbsp;<a href=\"http://haisanquangninh.org/baiviet/Gioi-thieu/1.html\"><strong>Hải sản Quảng Ninh</strong></a>&nbsp;cam kết bảo đảm vệ sinh an to&agrave;n thực phẩm kh&ocirc;ng ng&acirc;m chất độc hại.</span></p>\r\n\r\n<p><span style=\"font-size:14px\">M&oacute;n ngon từ t&ocirc;m n&otilde;n kh&ocirc;</span></p>\r\n\r\n<p><span style=\"font-size:14px\">Nhiều chị em mua được t&ocirc;m n&otilde;n kh&ocirc; khi đi du lịch nhưng c&ograve;n băn khoăn kh&ocirc;ng biết t&ocirc;m kh&ocirc; c&oacute; thể chế biến th&agrave;nh những m&oacute;n g&igrave; cho ngon. Vậy chị em h&atilde;y tham khảo những c&ocirc;ng thức dưới đ&acirc;y nh&eacute;!</span></p>\r\n\r\n<p><span style=\"font-size:14px\"><strong>1. Đậu sốt c&agrave; chua t&ocirc;m n&otilde;n</strong></span></p>\r\n\r\n<p><span style=\"font-size:14px\"><strong>a, Nguy&ecirc;n liệu:</strong></span></p>\r\n\r\n<p><span style=\"font-size:14px\">- 3 b&igrave;a đậu to</span></p>\r\n\r\n<p><span style=\"font-size:14px\">- 40g t&ocirc;m kh&ocirc;</span></p>\r\n\r\n<p><span style=\"font-size:14px\">- Khoảng 10-12 c&aacute;i nấm hương kh&ocirc;</span></p>\r\n\r\n<p><span style=\"font-size:14px\">- 2 quả c&agrave; chua</span></p>\r\n\r\n<p><span style=\"font-size:14px\">- H&agrave;nh, gia vị</span></p>\r\n\r\n<p style=\"text-align:center\"><span style=\"font-size:14px\"><img alt=\"\" src=\"http://haisanquangninh.org/data/dulieu/images/dau-sot-ca-chua-tom-non.jpg\" /></span></p>\r\n\r\n<p><span style=\"font-size:14px\"><strong>b, C&aacute;ch l&agrave;m:</strong></span></p>\r\n\r\n<p><span style=\"font-size:14px\">- T&ocirc;m kh&ocirc;, nấm hương ng&acirc;m với nước cho mềm.</span></p>\r\n\r\n<p><span style=\"font-size:14px\">- Đậu cắt miếng vừa ăn, r&aacute;n cho v&agrave;ng c&aacute;c mặt.</span></p>\r\n\r\n<p><span style=\"font-size:14px\">- H&agrave;nh th&aacute;i nhỏ, để lại phần đầu h&agrave;nh. C&agrave; chua th&aacute;i nhỏ.</span></p>\r\n\r\n<p><span style=\"font-size:14px\">- Phi thơm đầu h&agrave;nh với ch&uacute;t dầu ăn, cho c&agrave; chua v&agrave;o x&agrave;o đến khi ch&iacute;n mềm.</span></p>\r\n\r\n<p><span style=\"font-size:14px\">- Cho t&ocirc;m n&otilde;n, nấm hương, đậu v&agrave;o c&ugrave;ng với gia vị nước mắm, hạt n&ecirc;m vừa ăn, c&oacute; thể cho th&ecirc;m nước nếu thấy &iacute;t nước.</span></p>\r\n\r\n<p><span style=\"font-size:14px\">- Đun khoảng 15 ph&uacute;t th&igrave; tắt bếp. Cho đậu xốt c&agrave; chua t&ocirc;m n&otilde;n ra đĩa, rắc h&agrave;nh trang tr&iacute; rồi ăn với cơm n&oacute;ng nh&eacute;! Xem tại đ&acirc;y để được hướng dẫn chi tiết bằng h&igrave;nh ảnh.</span></p>\r\n\r\n<p><span style=\"font-size:14px\"><strong>2. T&ocirc;m kh&ocirc; củ kiệu</strong></span></p>\r\n\r\n<p><span style=\"font-size:14px\"><strong>a, Nguy&ecirc;n liệu:</strong></span></p>\r\n\r\n<p><span style=\"font-size:14px\">- T&ocirc;m kh&ocirc;</span></p>\r\n\r\n<p><span style=\"font-size:14px\">- Củ kiệu ng&acirc;m chua</span></p>\r\n\r\n<p><span style=\"font-size:14px\">- Trứng bắc thảo</span></p>\r\n\r\n<p><span style=\"font-size:14px\">(Lượng nguy&ecirc;n liệu t&ugrave;y thuộc th&iacute;ch ăn m&oacute;n n&agrave;o nhiều m&agrave; th&ecirc;m v&agrave;o th&ocirc;i nh&eacute;)</span></p>\r\n\r\n<p style=\"text-align:center\"><span style=\"font-size:14px\"><img alt=\"\" src=\"http://haisanquangninh.org/data/dulieu/images/tom-kho-cu-kieu.jpg\" /></span></p>\r\n\r\n<p><span style=\"font-size:14px\"><strong>b, C&aacute;ch l&agrave;m:</strong></span></p>\r\n\r\n<p><span style=\"font-size:14px\">- T&ocirc;m kh&ocirc; rửa qua nước (nếu muốn nhanh th&igrave; rửa với nước ấm), vớt r&aacute;o. Cho nước giấm đường ng&acirc;m củ kiệu v&agrave;o vừa ngậm t&ocirc;m kh&ocirc;, ng&acirc;m t&ocirc;m cho mềm vừa, vớt ra.</span></p>\r\n\r\n<p><span style=\"font-size:14px\">- Trứng bắc thảo bỏ vỏ trấu, rửa sạch, cho v&agrave;o nước, luộc 12-15 ph&uacute;t cho trứng được chắc. Lột vỏ, chẻ m&uacute;i cau.</span></p>\r\n\r\n<p><span style=\"font-size:14px\">- Xếp t&ocirc;m kh&ocirc;, củ kiệu, trứng bắc thảo ra đĩa. Hoặc trộn t&ocirc;m kh&ocirc; v&agrave; củ kiệu rồi xếp trứng bắc thảo xung quanh.</span></p>\r\n\r\n<p><span style=\"font-size:14px\">- M&oacute;n t&ocirc;m kh&ocirc; củ kiệu n&agrave;y nhắm với bia hay rượu rất tuyệt.</span></p>\r\n\r\n<p><span style=\"font-size:14px\"><strong>3. Gỏi xo&agrave;i t&ocirc;m kh&ocirc;</strong></span></p>\r\n\r\n<p><span style=\"font-size:14px\">Trong bữa cơm ng&agrave;y nghỉ lễ, chị em h&atilde;y th&ecirc;m m&oacute;n gỏi xo&agrave;i t&ocirc;m kh&ocirc; n&agrave;y để thực đơn th&ecirc;m phong ph&uacute; nh&eacute;!</span></p>\r\n\r\n<p><span style=\"font-size:14px\"><strong>a, Nguy&ecirc;n liệu:</strong></span></p>\r\n\r\n<p><span style=\"font-size:14px\">- 2-3 tr&aacute;i xo&agrave;i xanh</span></p>\r\n\r\n<p><span style=\"font-size:14px\">- 4 muỗng canh đậu phộng rang (lạc rang)</span></p>\r\n\r\n<p><span style=\"font-size:14px\">- 4-5 tr&aacute;i ớt th&aacute;i nhỏ</span></p>\r\n\r\n<p><span style=\"font-size:14px\">- 1 củ h&agrave;nh t&iacute;m th&aacute;i l&aacute;t mỏng</span></p>\r\n\r\n<p><span style=\"font-size:14px\">- 1 muỗng canh nước cốt chanh</span></p>\r\n\r\n<p><span style=\"font-size:14px\">- 3 muỗng t&ocirc;m kh&ocirc; rang</span></p>\r\n\r\n<p><span style=\"font-size:14px\">- 1 muỗng canh đường</span></p>\r\n\r\n<p><span style=\"font-size:14px\">- 1 muỗng canh nước mắm ng&ograve; + rau răm th&aacute;i rối.</span></p>\r\n\r\n<p style=\"text-align:center\"><span style=\"font-size:14px\"><img alt=\"\" src=\"http://haisanquangninh.org/data/dulieu/images/goi-xoai-tom-kho.jpg\" /></span></p>\r\n\r\n<p><span style=\"font-size:14px\"><strong>b, C&aacute;ch l&agrave;m:</strong></span></p>\r\n\r\n<p><span style=\"font-size:14px\">- Xo&agrave;i b&agrave;o vỏ th&aacute;i l&aacute;t rồi th&aacute;i sợi.</span></p>\r\n\r\n<p><span style=\"font-size:14px\">- H&agrave;nh, rau răm v&agrave; ng&ograve; rửa sạch th&aacute;i nhỏ.</span></p>\r\n\r\n<p><span style=\"font-size:14px\">- Cho nước mắm + đường + ớt + nước cốt chanh + đậu phụng rang+ t&ocirc;m kh&ocirc; rang v&ocirc; 1 c&aacute;i t&ocirc; trộn đều.</span></p>\r\n\r\n<p><span style=\"font-size:14px\">- Sau đ&oacute; cho xo&agrave;i v&agrave;o trộn chung.</span></p>\r\n\r\n<p><span style=\"font-size:14px\">- Cuối c&ugrave;ng th&igrave; cho h&agrave;nh t&iacute;m + ng&ograve; + rau răm v&agrave;o trộn đều.</span></p>\r\n\r\n<p><span style=\"font-size:14px\">- Cho gỏi ra đĩa c&oacute; trang tr&iacute; 1 b&ecirc;n hoa cho đẹp. Ph&iacute;a tr&ecirc;n gắn cọng rau răm hay ng&ograve; tạo th&ecirc;m phần hấp dẫn.</span></p>\r\n\r\n<p><span style=\"font-size:14px\"><strong>4. Canh rau ng&oacute;t nấu n&otilde;n t&ocirc;m</strong></span></p>\r\n\r\n<p><span style=\"font-size:14px\"><strong>a, Nguy&ecirc;n liệu:</strong></span></p>\r\n\r\n<p><span style=\"font-size:14px\">- T&ocirc;m n&otilde;n kh&ocirc;: 20gr</span></p>\r\n\r\n<p><span style=\"font-size:14px\">- Rau ng&oacute;t: 2 mớ</span></p>\r\n\r\n<p style=\"text-align:center\"><span style=\"font-size:14px\"><img alt=\"\" src=\"http://haisanquangninh.org/data/dulieu/images/canh-rau-ngot-nau-tom-kho.jpg\" /></span></p>\r\n\r\n<p><span style=\"font-size:14px\"><strong>b, C&aacute;ch l&agrave;m:</strong></span></p>\r\n\r\n<p><span style=\"font-size:14px\">- T&ocirc;m n&otilde;n c&aacute;c bạn ng&acirc;m nước cho nở rồi thả v&agrave;o nồi nước sẽ d&ugrave;ng để nấu canh ninh nhỏ lửa cho t&ocirc;m tiết ra chất ngọt.</span></p>\r\n\r\n<p><span style=\"font-size:14px\">- Rau ng&oacute;t n&ecirc;n chọn mớ c&oacute; nhiều ngọn non, khi nấu canh sẽ mềm v&agrave; ngọt nước hơn. Tuốt lấy l&aacute;, bỏ cọng, rửa sạch để r&aacute;o, với rau gi&agrave; hơn th&igrave; c&aacute;c bạn v&ograve; qua l&aacute; với 1 ch&uacute;t muối để rau nấu được mềm</span></p>\r\n\r\n<p><span style=\"font-size:14px\">- Canh s&ocirc;i c&aacute;c bạn thả rau v&agrave;o, d&ugrave;ng đũa hoặc mu&ocirc;i đảo, ấn cho rau ch&igrave;m trong nước rồi đậy vung lại.</span></p>\r\n\r\n<p><span style=\"font-size:14px\">- Canh ch&iacute;n c&aacute;c bạn tắt bếp, mở vung v&agrave; m&uacute;c canh ra b&aacute;t. Tr&aacute;nh đậy vung hoặc để canh tr&ecirc;n bếp qu&aacute; l&acirc;u g&acirc;y nhũn rau v&agrave; canh c&oacute; m&ugrave;i nồng.</span></p>\r\n\r\n<p><span style=\"font-size:14px\">M&ugrave;a h&egrave; được b&aacute;t canh rau ng&oacute;t nấu n&otilde;n t&ocirc;m n&agrave;y th&igrave; thật l&agrave; qu&aacute; tuyệt!</span></p>\r\n\r\n<p><span style=\"font-size:14px\">Theo Eva</span></p>\r\n\r\n<p><span style=\"font-size:14px\">Th&ocirc;ng tin li&ecirc;n hệ:</span></p>\r\n\r\n<p><span style=\"font-size:14px\">Địa chỉ:&nbsp;<a href=\"http://haisanquangninh.org/sanpham/Tom-tuoi-boc-non/21.html\"><strong>Cửa h&agrave;ng hải sản Quảng Ninh</strong></a>, số 26, ng&aacute;ch 8/11/36/105 L&ecirc; Quang Đạo, tổ 5, Ph&uacute; Đ&ocirc;, Nam Từ Li&ecirc;m, HN (tổ d&acirc;n phố 5, phường Ph&uacute; Đ&ocirc;, quận Nam Từ Li&ecirc;m, th&agrave;nh phố H&agrave; Nội).</span></p>\r\n\r\n<p><span style=\"font-size:14px\">Điện thoại: 097 113 88 89 - 0916 695 087</span></p>\r\n\r\n<p><span style=\"font-size:14px\">Website :&nbsp;<a href=\"http://haisanquangninh.org/\">http://haisanquangninh.org</a></span></p>\r\n\r\n<p><span style=\"font-size:14px\">Email : haisanquangninh.org@gmail.com</span></p>\r\n\r\n<p><span style=\"font-size:14px\">Facebook:https://www.facebook.com/haisanquangninh.org</span></p>', 650000, '2017-07-08 04:32:29', '2017-07-07 21:32:29'),
(62, 21, 36, 'Cá chỉ vàng (1kg)', 'ca-chi-vang-1kg', '<p><span style=\"font-size:14px\"><strong>C&aacute; chỉ v&agrave;ng</strong>&nbsp;l&agrave; loại sống ven bờ, thuộc họ c&aacute; khế. Th&acirc;n c&aacute; c&oacute; h&igrave;nh thoi, dẹp hai b&ecirc;n, phần lưng xanh x&aacute;m, bụng trắng, dọc th&acirc;n lại c&oacute; một dải v&agrave;ng &oacute;ng &aacute;nh chạy d&agrave;i. Cứ v&agrave;o đầu hạ cho đến cuối thu, c&aacute; chỉ v&agrave;ng v&agrave;o m&ugrave;a sinh sản. Con c&aacute; c&aacute;i mỡ m&agrave;ng ắp đầy bụng trứng, thịt trắng thơm ngon kh&ocirc;ng tả xiết.&nbsp;<a href=\"http://haisanquangninh.org/sanpham/Ca-chi-vang/27.html\"><strong>C&aacute; chỉ v&agrave;ng</strong></a>&nbsp;(c&aacute; ng&acirc;n chỉ) được xẻ phơi tự nhi&ecirc;n, thịt c&oacute; vị ngọt lịm tự nhi&ecirc;n, hương vị thơm ngon trở th&agrave;nh m&oacute;n ăn đặc sản của người d&acirc;n xứ biển v&agrave; cũng l&agrave; một trong những m&oacute;n ăn (<strong><a href=\"http://haisanquangninh.org/danhmuc/Hai-san-kho/1.html\">đặc sản kh&ocirc;</a></strong>) kh&ocirc;ng thể thiếu trong những dịp lễ tết, qu&agrave; biếu tặng, kh&ocirc; c&aacute; chỉ v&agrave;ng&nbsp;<strong>C&aacute; chỉ v&agrave;ng</strong>&nbsp;(kh&ocirc; c&aacute; ng&acirc;n chỉ) c&oacute; thể nướng hoặc chi&ecirc;n, l&agrave;m gỏi.&nbsp;</span></p>\r\n\r\n<p><span style=\"font-size:14px\">Th&ocirc;ng tin li&ecirc;n hệ:</span></p>\r\n\r\n<p><span style=\"font-size:14px\">Địa chỉ:&nbsp;<a href=\"http://haisanquangninh.org/baiviet/Lien-he/5.html\"><strong>Cửa h&agrave;ng hải sản Quảng Ninh</strong></a>, số 26, ng&aacute;ch 8/11/36/105 L&ecirc; Quang Đạo, Ph&uacute; Đ&ocirc;, Nam Từ Li&ecirc;m, H&agrave; Nội.</span></p>\r\n\r\n<p><span style=\"font-size:14px\">Điện thoại: 097 113 88 89 - 0916 695 087</span></p>\r\n\r\n<p><span style=\"font-size:14px\">Website :&nbsp;<a href=\"http://haisanquangninh.org/\">http://haisanquangninh.org</a></span></p>\r\n\r\n<p><span style=\"font-size:14px\">Email : haisanquangninh.org@gmail.com</span></p>\r\n\r\n<p><span style=\"font-size:14px\">Facebook:<a href=\"https://www.facebook.com/haisanquangninh.org\">https://www.facebook.com/haisanquangninh.org</a></span></p>', 220000, '2017-07-08 04:32:29', '2017-07-07 21:32:29'),
(63, 22, 38, 'Tôm tươi bóc nõn (1kg)', 'tom-tuoi-boc-non-1kg', '<p><span style=\"font-size:14px\">T&ocirc;m biển tươi được đ&aacute;nh bắt tại c&aacute;c v&ugrave;ng biển tại Quảng Ninh, đem về rửa sạch, b&oacute;c bỏ hết đầu v&agrave; vỏ, loại bỏ phần đất bẩn tr&ecirc;n lưng t&ocirc;m v&agrave; đ&oacute;ng g&oacute;i đảm bảo tươi ngon, an to&agrave;n về chất lượng. Kh&ocirc;ng c&oacute; t&igrave;nh trạng sản phẩm được tẩm chất bảo quản hoặc để đ&ocirc;ng lạnh qu&aacute; l&acirc;u, l&agrave;m mất vị tươi ngọt của hải sản cũng như kh&ocirc;ng đảm bảo sức khỏe cho người d&ugrave;ng.</span></p>\r\n\r\n<p><span style=\"font-size:14px\">Th&ocirc;ng tin li&ecirc;n hệ:</span></p>\r\n\r\n<p><span style=\"font-size:14px\">Địa chỉ: Số 26, ng&aacute;ch 8/11/36/105 L&ecirc; Quang Đạo, tổ d&acirc;n phố 5, phường Ph&uacute; Đ&ocirc;, quận Nam Từ Li&ecirc;m,th&agrave;nh phố H&agrave; Nội.</span></p>\r\n\r\n<p><span style=\"font-size:14px\">Điện thoại: 097 113 88 89 - 0916 695 087</span></p>\r\n\r\n<p><span style=\"font-size:14px\">Website :&nbsp;<a href=\"http://haisanquangninh.org/\">http://haisanquangninh.org</a></span></p>\r\n\r\n<p><span style=\"font-size:14px\">Facebook:<a href=\"https://www.facebook.com/haisanquangninh.org\">https://www.facebook.com/haisanquangninh.org</a></span></p>\r\n\r\n<p><span style=\"font-size:14px\">Email :&nbsp;<u>haisanquangninh.org@gmail.com</u></span></p>', 250000, '2017-07-08 04:32:29', '2017-07-07 21:32:29'),
(64, 22, 37, 'Chả mực hạ long (1kg)', 'cha-muc-ha-long-1kg', '<p><span style=\"font-size:14px\"><strong>Mực</strong>&nbsp;được chọn để l&agrave;m chả l&agrave; Mực mai tươi sống, được chọn lọc khắt khe tại những v&ugrave;ng biển thuộc Vịnh Bắc Bộ để đảm bảo chất lượng mực thật tốt trước khi l&agrave;m chả.&nbsp;<a href=\"http://haisanquangninh.org/tintuc/trao-chung-nhan-chi-dan-dia-ly-cho-cha-muc-ha-long/3.html\"><strong>Chả mực hạ long</strong></a>&nbsp;được l&agrave;m bằng phương ph&aacute;p gi&atilde; truyền thống v&agrave; nặn chả thủ c&ocirc;ng l&agrave;m cho những miếng chả c&oacute; độ dai gi&ograve;n v&agrave; hương vị thơm ngon đậm đ&agrave; rất đặc trưng kh&aacute;c hẳn những thương hiệu kh&aacute;c. Ch&uacute;ng t&ocirc;i lu&ocirc;n đảm bảo vệ sinh an to&agrave;n thực phẩm, kh&ocirc;ng c&oacute; chất bảo quản, kh&ocirc;ng pha trộn. Chả đ&atilde; được l&agrave;m ch&iacute;n sẵn, bạn chỉ cần gi&atilde; đ&ocirc;ng tự nhi&ecirc;n bằng c&aacute;ch bỏ ra khỏi tủ lạnh từ 5 đến 10 ph&uacute;t (m&agrave; kh&ocirc;ng cần sử dụng l&ograve; vi s&oacute;ng), sau đ&oacute; chi&ecirc;n qua dầu cho n&oacute;ng lại l&agrave; c&oacute; thể thưởng thức được ngay. Khi ăn th&igrave; chấm với mắm hạt ti&ecirc;u hoặc tương ớt. Những miếng chả mực thơm ngon đặc biệt sẽ l&agrave;m cho qu&yacute; kh&aacute;ch m&atilde;i kh&ocirc;ng qu&ecirc;n với một hương vị đặc trưng của biển. Sản phẩm rất th&iacute;ch hợp cho những bữa cơm gia đ&igrave;nh, tiếp đ&atilde;i bạn b&egrave;, li&ecirc;n hoan, giỗ tết v&agrave; l&agrave;m qu&agrave; biếu.</span></p>\r\n\r\n<p><span style=\"font-size:14px\">Th&ocirc;ng tin li&ecirc;n hệ:</span></p>\r\n\r\n<p><span style=\"font-size:14px\">Địa chỉ:&nbsp;<a href=\"http://haisanquangninh.org/baiviet/Lien-he/5.html\"><strong>Cửa h&agrave;ng hải sản Quảng Ninh</strong></a>, số 26, ng&aacute;ch 8/11/36/105 L&ecirc; Quang Đạo, tổ 5, Ph&uacute; Đ&ocirc;, Nam Từ Li&ecirc;m, HN (tổ d&acirc;n phố 5, phường Ph&uacute; Đ&ocirc;, quận Nam Từ Li&ecirc;m, th&agrave;nh phố H&agrave; Nội).</span></p>\r\n\r\n<p><span style=\"font-size:14px\">Điện thoại: 097 113 88 89 - 0916 695 087</span></p>\r\n\r\n<p><span style=\"font-size:14px\">Website &nbsp; :<a href=\"http://haisanquangninh.org/\">http://haisanquangninh.org</a></span></p>\r\n\r\n<p><span style=\"font-size:14px\">Email &nbsp; &nbsp; &nbsp; &nbsp;:haisanquangninh.org@gmail.com</span></p>\r\n\r\n<p><span style=\"font-size:14px\">Facebook :<a href=\"http://haisanquangninh.org/danhmuc/Hai-san-che-bien-san/3.html\">https://www.facebook.com/haisanquangninh.org</a></span></p>', 380000, '2017-07-08 04:32:28', '2017-07-07 21:32:28'),
(66, 23, 39, 'tôm hấp sả', 'tom-hap-sa', '<h1>T&ocirc;m hấp sả</h1>\r\n\r\n<p><strong>Nguy&ecirc;n liệu</strong></p>\r\n\r\n<ul>\r\n	<li>T&ocirc;m to (T&ocirc;m He, T&ocirc;m S&uacute;): 500 gram t&ugrave;y theo bữa ăn gia đ&igrave;nh hoặc m&acirc;m cỗ</li>\r\n	<li>Sả: 50 gram</li>\r\n	<li>Ớt : 2-3 quả</li>\r\n	<li>Gừng tươi: 1 củ</li>\r\n	<li>L&aacute; chanh</li>\r\n	<li>Chanh: 1 quả</li>\r\n	<li>Rượu trắng</li>\r\n	<li>C&aacute;c loại gia vị: Hạt n&ecirc;m, nước nắm, muối, bột ngọt, hạt ti&ecirc;u, dầu ăn.</li>\r\n	<li>Rau để trang tr&iacute; T&ocirc;m</li>\r\n</ul>\r\n\r\n<p style=\"text-align:center\"><img alt=\"Tôm hấp sả\" src=\"http://haisanquangninh.org/data/dulieu/images/T%C3%B4m-hap-sa-hai-san-quang-ninh-org.jpg\" style=\"height:525px; width:700px\" /></p>\r\n\r\n<p><strong>C&aacute;ch chế biến</strong></p>\r\n\r\n<ul>\r\n	<li>T&ocirc;m mua về cắt bớt r&acirc;u đem rửa sạch, sau đ&oacute; cho v&agrave;o t&ocirc; ướp với 1 th&igrave;a hạt n&ecirc;m, 1/2 th&igrave;a bột ngọt v&agrave; &iacute;t hạt ti&ecirc;u.</li>\r\n	<li>L&aacute; chanh rửa sạch đem th&aacute;i chỉ</li>\r\n	<li>Gừng rửa sạch, cạo vỏ, th&aacute;i chỉ.</li>\r\n	<li>Xả c&acirc;y b&oacute;c lớp vỏ ngo&agrave;i, rửa sạch rồi đem th&aacute;i l&aacute;t.</li>\r\n	<li>Tiếp tục cho sả, l&aacute; chanh v&agrave; gừng v&agrave;o x&oacute;c đều với t&ocirc;m, ướp th&ecirc;m khoảng 15-20 ph&uacute;t cho t&ocirc;m ngấm đều gia vị.</li>\r\n	<li>Chanh đem vắt lấy nước cốt</li>\r\n	<li>Ớt xừng th&aacute;i l&aacute;t</li>\r\n</ul>\r\n\r\n<p><strong>C&aacute;ch l&agrave;m</strong></p>\r\n\r\n<ul>\r\n	<li>Cho t&ocirc;m v&agrave;o xoong, th&ecirc;m rượu trắng v&agrave;o x&oacute;c đều rồi bật bếp hấp ch&iacute;n (khoảng 15 ph&uacute;t).&nbsp;</li>\r\n	<li>Xếp t&ocirc;m ra đĩa c&oacute; b&agrave;y sẵn rau sống, bạn c&oacute; thể trang tr&iacute; th&ecirc;m sả v&agrave; ớt sừng để m&oacute;n ăn th&ecirc;m phần đẹp mắt.</li>\r\n	<li>T&ocirc;m hấp xả ăn k&egrave;m với muối ti&ecirc;u chanh hoặc tương ớt đều được. Với muối ti&ecirc;u chanh bạn pha theo tỷ lệ : 1 th&igrave;a muối. 1/4 th&igrave;a hạt ti&ecirc;u v&agrave; 1 th&igrave;a nước cốt chanh.</li>\r\n</ul>', NULL, '2017-07-08 04:32:30', '2017-07-07 21:32:30'),
(67, 23, 40, 'Yên Tử vào mùa hội xuân', 'yen-tu-vao-mua-hoi-xuan', '<h1>Y&ecirc;n Tử v&agrave;o m&ugrave;a hội xu&acirc;n...</h1>\r\n\r\n<p>M&ugrave;ng 10 th&aacute;ng Gi&ecirc;ng, Y&ecirc;n Tử ch&iacute;nh thức khai hội xu&acirc;n. Tuy nhi&ecirc;n, ngay từ những ng&agrave;y đầu năm, non thi&ecirc;ng Y&ecirc;n Tử đ&atilde; đ&oacute;n gần 30 vạn du kh&aacute;ch h&agrave;nh hương về tham quan, lễ phật. B&ecirc;n cạnh yếu tố kh&aacute;ch quan l&agrave; thời tiết năm nay kh&aacute; thuận lợi, kh&ocirc; r&aacute;o, kh&ocirc;ng qu&aacute; lạnh th&igrave; c&ocirc;ng t&aacute;c chuẩn bị lễ hội kỹ lưỡng, việc đầu tư cơ sở hạ tầng dịch vụ c&oacute; nhiều đổi mới cũng đ&atilde; g&oacute;p phần rất quan trọng v&agrave;o th&agrave;nh c&ocirc;ng của lễ hội, nhận được sự phản hồi t&iacute;ch cực từ du kh&aacute;ch...</p>\r\n\r\n<p>&nbsp;</p>\r\n\r\n<table align=\"center\" style=\"width:480px\">\r\n	<tbody>\r\n		<tr>\r\n			<td><a href=\"http://www.baoquangninh.com.vn/du-lich/201602/yen-tu-vao-mua-hoi-xuan-2298058/index.photo.html\"><img alt=\"h\" src=\"http://www.baoquangninh.com.vn/dataimages/201602/original/images850183_18.jpg\" /></a></td>\r\n		</tr>\r\n		<tr>\r\n			<td>Hội xu&acirc;n năm nay, bến xe Giải Oan cũng như hệ thống nh&agrave; h&agrave;ng đ&atilde; được di dời ra xa khu vực ch&acirc;n n&uacute;i đến khu vực dốc Hạ Kiệu với kh&ocirc;ng gian rộng r&atilde;i hơn.</td>\r\n		</tr>\r\n	</tbody>\r\n</table>\r\n\r\n<table align=\"center\" style=\"width:480px\">\r\n	<tbody>\r\n		<tr>\r\n			<td><a href=\"http://www.baoquangninh.com.vn/du-lich/201602/yen-tu-vao-mua-hoi-xuan-2298058/index.photo.html\"><img alt=\"\" src=\"http://www.baoquangninh.com.vn/dataimages/201602/original/images850184_21.jpg\" /></a></td>\r\n		</tr>\r\n		<tr>\r\n		</tr>\r\n	</tbody>\r\n</table>\r\n\r\n<table align=\"center\" style=\"width:480px\">\r\n	<tbody>\r\n		<tr>\r\n			<td><a href=\"http://www.baoquangninh.com.vn/du-lich/201602/yen-tu-vao-mua-hoi-xuan-2298058/index.photo.html\"><img alt=\"h\" src=\"http://www.baoquangninh.com.vn/dataimages/201602/original/images850185_1.jpg\" /></a></td>\r\n		</tr>\r\n		<tr>\r\n			<td>\r\n			<p>Qu&atilde;ng đường từ bến xe mới (khu vực dốc Hạ Kiệu) đến bến xe Giải Oan cũ (khoảng 1.600m) hoặc từ bến xe mới v&agrave;o đến khu vực nh&agrave; ga c&aacute;p treo (khoảng 2.000m) nếu du kh&aacute;ch đi xe điện đều chỉ phải trả 10.000 người/lượt.&nbsp;</p>\r\n			</td>\r\n		</tr>\r\n	</tbody>\r\n</table>\r\n\r\n<table align=\"center\" style=\"width:480px\">\r\n	<tbody>\r\n		<tr>\r\n			<td><a href=\"http://www.baoquangninh.com.vn/du-lich/201602/yen-tu-vao-mua-hoi-xuan-2298058/index.photo.html\"><img alt=\"h\" src=\"http://www.baoquangninh.com.vn/dataimages/201602/original/images850186_2.jpg\" /></a></td>\r\n		</tr>\r\n		<tr>\r\n			<td>Ng&agrave;y khai hội xu&acirc;n năm nay kh&ocirc;ng rơi v&agrave;o dịp cuối tuần n&ecirc;n lượng kh&aacute;ch về Y&ecirc;n Tử kh&ocirc;ng qu&aacute; đ&ocirc;ng đ&uacute;c, du kh&aacute;ch xếp h&agrave;ng v&agrave;o c&aacute;p treo kh&aacute; thuận lợi, kh&ocirc;ng phải chen ch&uacute;c.</td>\r\n		</tr>\r\n	</tbody>\r\n</table>\r\n\r\n<table align=\"center\" style=\"width:480px\">\r\n	<tbody>\r\n		<tr>\r\n			<td><a href=\"http://www.baoquangninh.com.vn/du-lich/201602/yen-tu-vao-mua-hoi-xuan-2298058/index.photo.html\"><img alt=\"h\" src=\"http://www.baoquangninh.com.vn/dataimages/201602/original/images850187_4.jpg\" /></a></td>\r\n		</tr>\r\n		<tr>\r\n			<td>C&aacute;c điểm ch&ugrave;a, am, th&aacute;p của Y&ecirc;n Tử năm nay được trang tr&iacute; đơn giản, giữ vẻ nguy&ecirc;n sơ, trang nghi&ecirc;m, thanh tịnh của di t&iacute;ch.</td>\r\n		</tr>\r\n	</tbody>\r\n</table>\r\n\r\n<table align=\"center\" style=\"width:480px\">\r\n	<tbody>\r\n		<tr>\r\n			<td><a href=\"http://www.baoquangninh.com.vn/du-lich/201602/yen-tu-vao-mua-hoi-xuan-2298058/index.photo.html\"><img alt=\"h\" src=\"http://www.baoquangninh.com.vn/dataimages/201602/original/images850188_6.jpg\" /></a></td>\r\n		</tr>\r\n		<tr>\r\n			<td>Hồ Mắt Rồng sau khi tu bổ, t&ocirc;n tạo đ&atilde; được trồng cỏ tạo vẻ đẹp tự nhi&ecirc;n cho di t&iacute;ch.</td>\r\n		</tr>\r\n	</tbody>\r\n</table>\r\n\r\n<table align=\"center\" style=\"width:480px\">\r\n	<tbody>\r\n		<tr>\r\n			<td><a href=\"http://www.baoquangninh.com.vn/du-lich/201602/yen-tu-vao-mua-hoi-xuan-2298058/index.photo.html\"><img alt=\"h\" src=\"http://www.baoquangninh.com.vn/dataimages/201602/original/images850189_7.jpg\" /></a></td>\r\n		</tr>\r\n		<tr>\r\n			<td>Lượng kh&aacute;ch rải r&aacute;c khiến du kh&aacute;ch về tham quan, lễ phật Y&ecirc;n Tử thư th&aacute;i hơn.</td>\r\n		</tr>\r\n	</tbody>\r\n</table>\r\n\r\n<table align=\"center\" style=\"width:480px\">\r\n	<tbody>\r\n		<tr>\r\n			<td><a href=\"http://www.baoquangninh.com.vn/du-lich/201602/yen-tu-vao-mua-hoi-xuan-2298058/index.photo.html\"><img alt=\"h\" src=\"http://www.baoquangninh.com.vn/dataimages/201602/original/images850191_8.jpg\" /></a></td>\r\n		</tr>\r\n		<tr>\r\n			<td>Ch&ugrave;a Hoa Y&ecirc;n vẫn l&agrave; một trong những điểm thu h&uacute;t đ&ocirc;ng đảo nhất du kh&aacute;ch.</td>\r\n		</tr>\r\n	</tbody>\r\n</table>\r\n\r\n<table align=\"center\" style=\"width:480px\">\r\n	<tbody>\r\n		<tr>\r\n			<td><a href=\"http://www.baoquangninh.com.vn/du-lich/201602/yen-tu-vao-mua-hoi-xuan-2298058/index.photo.html\"><img alt=\"h\" src=\"http://www.baoquangninh.com.vn/dataimages/201602/original/images850196_22.jpg\" /></a></td>\r\n		</tr>\r\n		<tr>\r\n			<td>Nhiều biển chỉ dẫn mới đ&atilde; được C&ocirc;ng ty T&ugrave;ng L&acirc;m lắp đặt để hướng dẫn cho du kh&aacute;ch h&agrave;nh hương thuận lợi hơn.</td>\r\n		</tr>\r\n	</tbody>\r\n</table>\r\n\r\n<table align=\"center\" style=\"width:480px\">\r\n	<tbody>\r\n		<tr>\r\n			<td><a href=\"http://www.baoquangninh.com.vn/du-lich/201602/yen-tu-vao-mua-hoi-xuan-2298058/index.photo.html\"><img alt=\"h\" src=\"http://www.baoquangninh.com.vn/dataimages/201602/original/images850197_12.jpg\" /></a></td>\r\n		</tr>\r\n		<tr>\r\n			<td>Thời tiết kh&ocirc; r&aacute;o khiến khu vực bảo tượng Phật ho&agrave;ng Trần Nh&acirc;n T&ocirc;ng s&aacute;ng r&otilde;, kh&ocirc;ng bị ch&igrave;m trong m&acirc;y m&ugrave; như năm trước.</td>\r\n		</tr>\r\n	</tbody>\r\n</table>\r\n\r\n<table align=\"center\" style=\"width:480px\">\r\n	<tbody>\r\n		<tr>\r\n			<td><a href=\"http://www.baoquangninh.com.vn/du-lich/201602/yen-tu-vao-mua-hoi-xuan-2298058/index.photo.html\"><img alt=\"h\" src=\"http://www.baoquangninh.com.vn/dataimages/201602/original/images850198_10.jpg\" /></a></td>\r\n		</tr>\r\n		<tr>\r\n			<td>C&aacute;c hướng dẫn vi&ecirc;n của C&ocirc;ng ty T&ugrave;ng L&acirc;m được bố tr&iacute; tại ch&ugrave;a Hoa Y&ecirc;n v&agrave; khu vực An Kỳ Sinh hoạt động li&ecirc;n tục để chỉ đường cho du kh&aacute;ch.</td>\r\n		</tr>\r\n	</tbody>\r\n</table>\r\n\r\n<table align=\"center\" style=\"width:480px\">\r\n	<tbody>\r\n		<tr>\r\n			<td><a href=\"http://www.baoquangninh.com.vn/du-lich/201602/yen-tu-vao-mua-hoi-xuan-2298058/index.photo.html\"><img alt=\"h\" src=\"http://www.baoquangninh.com.vn/dataimages/201602/original/images850200_11.jpg\" /></a></td>\r\n		</tr>\r\n		<tr>\r\n			<td>C&aacute;c điểm thường trực an ninh, sơ cấp cứu được bố tr&iacute; to, ở những vị tr&iacute; dễ d&agrave;ng cho du kh&aacute;ch quan s&aacute;t hơn.</td>\r\n		</tr>\r\n	</tbody>\r\n</table>\r\n\r\n<table align=\"center\" style=\"width:480px\">\r\n	<tbody>\r\n		<tr>\r\n			<td><a href=\"http://www.baoquangninh.com.vn/du-lich/201602/yen-tu-vao-mua-hoi-xuan-2298058/index.photo.html\"><img alt=\"h\" src=\"http://www.baoquangninh.com.vn/dataimages/201602/original/images850201_14.jpg\" /></a></td>\r\n		</tr>\r\n		<tr>\r\n			<td>Ch&ugrave;a Đồng nằm kh&aacute; cheo leo, lại ở chặng cuối nhưng nhiều du kh&aacute;ch vẫn quyết t&acirc;m vượt n&uacute;i tới đỉnh non thi&ecirc;ng.</td>\r\n		</tr>\r\n	</tbody>\r\n</table>\r\n\r\n<table align=\"center\" style=\"width:480px\">\r\n	<tbody>\r\n		<tr>\r\n			<td><a href=\"http://www.baoquangninh.com.vn/du-lich/201602/yen-tu-vao-mua-hoi-xuan-2298058/index.photo.html\"><img alt=\"h\" src=\"http://www.baoquangninh.com.vn/dataimages/201602/original/images850203_15.jpg\" /></a></td>\r\n		</tr>\r\n		<tr>\r\n			<td>Đường l&ecirc;n ch&ugrave;a Đồng một b&ecirc;n l&agrave; vực s&acirc;u nguy hiểm đ&atilde; được lắp dựng r&agrave;o chắn với những biển cảnh b&aacute;o để du kh&aacute;ch ch&uacute; &yacute;.</td>\r\n		</tr>\r\n	</tbody>\r\n</table>\r\n\r\n<table align=\"center\" style=\"width:480px\">\r\n	<tbody>\r\n		<tr>\r\n			<td><a href=\"http://www.baoquangninh.com.vn/du-lich/201602/yen-tu-vao-mua-hoi-xuan-2298058/index.photo.html\"><img alt=\"h\" src=\"http://www.baoquangninh.com.vn/dataimages/201602/original/images850204_17.jpg\" /></a></td>\r\n		</tr>\r\n		<tr>\r\n			<td>Đặc biệt, hệ thống đường h&agrave;nh hương tại Y&ecirc;n Tử đều đ&atilde; được bố tr&iacute; lối l&ecirc;n, xuống ri&ecirc;ng biệt để giảm thiểu hiện tượng tắc đường cục bộ những năm trước đ&acirc;y.</td>\r\n		</tr>\r\n	</tbody>\r\n</table>', NULL, '2017-07-08 04:32:29', '2017-07-07 21:32:29');
INSERT INTO `haisan` (`id`, `id_menu`, `id_theloai`, `title`, `url`, `noidung`, `gia`, `created_at`, `updated_at`) VALUES
(68, 23, 40, 'Vịnh Hạ Long đứng đầu những điểm \"selfie\" cảnh hoàng hôn đẹp nhất Đông Nam Á', 'vinh-ha-long-dung-dau-nhung-diem-selfie-canh-hoang-hon-dep-nhat-dong-nam-a', '<h1><span style=\"font-size:14px\">Vịnh Hạ Long đứng đầu những điểm &quot;selfie&quot; cảnh ho&agrave;ng h&ocirc;n đẹp nhất Đ&ocirc;ng Nam &Aacute;</span></h1>\r\n\r\n<p><span style=\"font-size:14px\"><strong>Theo GoAsean, chuy&ecirc;n trang du lịch đầu ti&ecirc;n tr&ecirc;n thế giới về những nước Đ&ocirc;ng Nam &Aacute; đ&atilde; chọn vịnh Hạ Long l&agrave; một trong 9 điểm để chụp ảnh &quot;selfie&quot; (ảnh tự chụp ch&acirc;n dung) đẹp nhất Đ&ocirc;ng Nam &Aacute;.</strong></span></p>\r\n\r\n<p style=\"text-align:center\"><span style=\"font-size:14px\"><img alt=\"\" src=\"http://haisanquangninh.org/data/dulieu/images/ha_long_hoang_hon.jpg\" /></span></p>\r\n\r\n<p><span style=\"font-size:14px\">Ho&agrave;ng h&ocirc;n tr&ecirc;n Vịnh Hạ Long</span></p>\r\n\r\n<p><span style=\"font-size:14px\">Danh s&aacute;ch được b&igrave;nh chọn qua những bức ảnh selfie th&acirc;n thiện, những điểm đến c&oacute; tr&ecirc;n instargram (một phần mềm chia sẻ ảnh trực tuyến c&oacute; hơn 300 triệu t&agrave;i khoản sử dụng) với cảnh ho&agrave;ng h&ocirc;n rực rỡ.</span></p>\r\n\r\n<p><span style=\"font-size:14px\">&ldquo;Vịnh Hạ Long được l&agrave; kẻ đ&aacute;nh cắp tr&aacute;i tim của Đ&ocirc;ng Nam &Aacute; bởi những l&agrave;ng ch&agrave;i tr&ecirc;n biển v&agrave; l&agrave;n nước xanh m&agrave;u lục bảo&rdquo; &ndash; Go Asean b&igrave;nh luận. &ldquo; Nơi những con rồng hạ c&aacute;nh vốn đ&atilde; được bao phủ bởi một bầu kh&ocirc;ng kh&iacute; huyền ảo đầy m&ecirc; hoặc nhưng v&agrave;o l&uacute;c ho&agrave;ng h&ocirc;n &ndash; với những tia nắng cuối ng&agrave;y soi rọi, cảm gi&aacute;c ấy như được nh&acirc;n l&ecirc;n h&agrave;ng trăm lần&rdquo;...</span></p>\r\n\r\n<p><span style=\"font-size:14px\">Trang web n&agrave;y cũng khuy&ecirc;n du kh&aacute;ch n&ecirc;n nghỉ đ&ecirc;m tr&ecirc;n vịnh Hạ Long 1 hoặc 2 ng&agrave;y tr&ecirc;n t&agrave;u để c&oacute; thể &ldquo;bắt&rdquo; được khoảng khắc mặt trời dần ch&igrave;m xuống l&agrave;n nước biển v&agrave; chụp được một bức ảnh &ldquo;selfie&rdquo; tuyệt vời nhất.</span></p>\r\n\r\n<p><span style=\"font-size:14px\">Một số những điểm kh&aacute;c cũng được trang web n&agrave;y giới thiệu l&agrave; Cầu Helix (Singapore), N&uacute;i Gunung Rinjaini (một ngọn n&uacute;i lửa đ&atilde; ngừng hoạt động ở Indonesia), Vịnh Railay (Th&aacute;i Lan), The Rock Bar (đảo Bali, Indonesia), Bagan (Myanma), Vịnh Manila (Philpines), th&agrave;nh phố Vang Vi&ecirc;ng (L&agrave;o) v&agrave; kh&aacute;ch sạn Grand Hyatt ( Malaysia).</span></p>', NULL, '2017-07-08 04:32:29', '2017-07-07 21:32:29'),
(69, 23, 39, 'Những món ăn đắt nhất Việt Nam', 'nhung-mon-an-dat-nhat-viet-nam', '<p><strong>1. G&agrave; Đ&ocirc;ng Tảo</strong></p>\r\n\r\n<p style=\"text-align:center\">&nbsp;<img alt=\"Những món ăn đắt nhất Việt Nam - 1\" id=\"news-image-id-0\" src=\"http://24h-img.24hstatic.com/upload/1-2016/images/2016-03-18/1458263119-mon-an-dat-nhat-1.jpg\" /></p>\r\n\r\n<p>G&agrave; Đ&ocirc;ng Tảo hay g&agrave; Đ&ocirc;ng Cảo l&agrave; một giống g&agrave; đặc hữu v&agrave; rất qu&yacute; hiếm của Việt Nam. Đặc điểm nổi bật của loại g&agrave; n&agrave;y l&agrave; cặp ch&acirc;n xấu x&iacute;, đ&ocirc;i ch&acirc;n to v&agrave; th&ocirc;, khi trưởng th&agrave;nh c&oacute; thể nặng tr&ecirc;n 4,5kg v&agrave; tr&ecirc;n 3,5 kg. Kh&ocirc;ng chỉ c&oacute; thịt thơm ngon, điểm đặc biệt khiến cho gi&aacute; cả của giống g&agrave; n&agrave;y rất đắt ch&iacute;nh l&agrave; ở cặp ch&acirc;n. Ch&acirc;n g&agrave; c&agrave;ng to th&igrave; giống g&agrave; n&agrave;y c&agrave;ng c&oacute; gi&aacute; trị.</p>\r\n\r\n<p>Gi&aacute; b&aacute;n của loại g&agrave; n&agrave;y tr&ecirc;n thị trường rất đắt, khoảng từ 1 - 1,5 triệu đồng/kg. Với mức gi&aacute; tr&ecirc;n, g&agrave; Đ&ocirc;ng Tảo lu&ocirc;n l&agrave; mơ ước đối với những người thu nhập thấp hay trung b&igrave;nh.</p>\r\n\r\n<p><strong>2. G&agrave; ch&iacute;n cựa</strong></p>\r\n\r\n<p style=\"text-align:center\">&nbsp;<img alt=\"Những món ăn đắt nhất Việt Nam - 2\" id=\"news-image-id-1\" src=\"http://24h-img.24hstatic.com/upload/1-2016/images/2016-03-18/1458263119-mon-an-dat-nhat-2.jpg\" style=\"width:500px\" /></p>\r\n\r\n<p>Từ l&acirc;u, loại g&agrave; n&agrave;y vẫn được biết đến như một giống g&agrave; qu&yacute; hiếm của Việt Nam. Tương truyền, ng&agrave;y xưa, g&agrave; 9 cựa l&agrave; sản vật tiến vua v&agrave; n&oacute; c&ograve;n gắn với truyền thuyết Sơn Tinh, Thủy Tinh. Do đ&oacute;, gi&aacute; g&agrave; ch&iacute;n cựa c&oacute; mức gi&aacute; cao hơn nhiều lần so với c&aacute;c loại g&agrave; thường.</p>\r\n\r\n<p>Điểm đặc biệt của lo&agrave;i g&agrave; tiến vua n&agrave;y l&agrave; thịt g&agrave; kh&ocirc;ng chỉ thơm ngon, bổ dưỡng, m&agrave; n&oacute; c&ograve;n mang &yacute; nghĩa may mắn v&agrave; sung t&uacute;c cho những gia đ&igrave;nh n&agrave;o sở hữu v&agrave; thưởng thức g&agrave; ch&iacute;n cựa v&agrave;o bữa cơm đầu năm. Ch&iacute;nh v&igrave; thế cho n&ecirc;n hiện nay, g&agrave; 9 cựa dường như đang trở th&agrave;nh một xu hướng chơi sang, thể hiện đẳng cấp của những đại gia lắm tiền nhiều của, chịu bỏ tiền ra mua giống g&agrave; n&agrave;y về l&agrave;m cỗ vui xu&acirc;n.</p>\r\n\r\n<p>V&agrave;o dịp Tết, gi&aacute; g&agrave; c&oacute; thể dao động từ 600.000 - 1 triệu đồng. Tuy nhi&ecirc;n, ngo&agrave;i một số g&agrave; ch&iacute;n cựa thuần chủng hiếm hoi c&ograve;n lại, hiện chưa ai lai tạo th&agrave;nh c&ocirc;ng giống g&agrave; n&agrave;y. C&oacute; điều, người d&ugrave;ng vẫn chấp nhận những ch&uacute; g&agrave; lai tạo 6, 7 hay 8 cựa c&uacute;ng gia ti&ecirc;n. Với loại g&agrave; c&oacute; 5 &ndash; 6 cựa th&igrave; mức gi&aacute; giao động từ 400 &ndash; 500.000 đồng/1kg. Loại 7 cựa c&oacute; gi&aacute; 900 &ndash; 1 triệu đồng/1 kg. C&ograve;n nếu g&agrave; tiến vua m&agrave; 8 cựa gi&aacute; sẽ từ 2 &ndash; 3 triệu đồng/1 kg. Ri&ecirc;ng loại g&agrave; đặc chủng c&oacute; đủ 9 cựa th&igrave; c&oacute; mức gi&aacute; l&ecirc;n tới 9.990.000 ngh&igrave;n đồng/ 1 cặp.</p>\r\n\r\n<p><strong>3. C&aacute; Anh Vũ</strong></p>\r\n\r\n<p>&nbsp;</p>\r\n\r\n<p style=\"text-align:center\">&nbsp;<img alt=\"Những món ăn đắt nhất Việt Nam - 3\" id=\"news-image-id-2\" src=\"http://24h-img.24hstatic.com/upload/1-2016/images/2016-03-18/1458263119-mon-an-dat-nhat-3.jpg\" /></p>\r\n\r\n<p>C&aacute; anh vũ hay c&ograve;n c&oacute; t&ecirc;n gọi kh&aacute;c l&agrave; c&aacute; Tiến Vua, l&agrave; một trong những loại c&aacute; nổi tiếng nhất của Việt Nam bởi sự qu&yacute; hiếm v&agrave; ngon miệng.</p>\r\n\r\n<p>Từ xa xưa, lo&agrave;i c&aacute; n&agrave;y đ&atilde; từng được mọi người phong danh hiệu &ldquo;Văn Lang đệ nhất ngư&rdquo; v&agrave; nằm trong top những sản vật bắt được phải tiến cống, n&ecirc;n kh&ocirc;ng c&oacute; g&igrave; l&agrave; lạ khi c&aacute; Anh Vũ c&oacute; mức gi&aacute; rất khủng.</p>\r\n\r\n<p>C&aacute; Anh vũ cũng l&agrave; loại c&aacute; c&oacute; gi&aacute; tiền dựa tr&ecirc;n trọng lượng. Cụ thể, mỗi con c&aacute; Anh Vũ từ 2kg trở xuống c&oacute; gi&aacute; 1,4 triệu, c&ograve;n từ 5kg/con trở l&ecirc;n th&igrave; c&oacute; gi&aacute; 1,6 triệu. Nếu như g&agrave; Đ&ocirc;ng Tảo hay g&agrave; ch&iacute;n cựa gi&aacute; trị của n&oacute; nằm ở đ&ocirc;i ch&acirc;n, th&igrave; c&aacute;i miệng rộng, c&ograve;n được gọi &ldquo;m&otilde;m lợn&rdquo; của c&aacute; Anh Vũ lại l&agrave; bộ phận hao tổn nhiều tiền bạc v&agrave; t&acirc;m sức của giới s&agrave;nh ăn nhất.</p>\r\n\r\n<p>Loại c&aacute; n&agrave;y rất khảnh ăn, chỉ ăn r&ecirc;u tảo v&agrave; sống ở v&ugrave;ng nước trong, kh&ocirc;ng ăn tạp như nhiều loại c&aacute; kh&aacute;c n&ecirc;n nhiều người cho rằng ch&uacute;ng thể hiện sự sang trọng. Đặc điểm nổi bật của loại c&aacute; n&agrave;y l&agrave; thịt trắng, qu&aacute;nh v&agrave; thơm ngon hơn bất cứ lo&agrave;i c&aacute; s&ocirc;ng nước n&agrave;o. Tuy nhi&ecirc;n, với người b&igrave;nh thường chẳng ai ăn con c&aacute; anh vũ n&agrave;y l&agrave;m g&igrave;, v&igrave; nh&igrave;n n&oacute; như con c&aacute; tr&ocirc;i, v&agrave; gi&aacute; th&igrave; qu&aacute; đắt&hellip; C&ograve;n đối với những người c&oacute; tiền th&igrave; loại c&aacute; n&agrave;y cũng chẳng đ&aacute;ng l&agrave; bao nhi&ecirc;u, 3,5 triệu một kg, chứ c&oacute; 10, 20 triệu một con th&igrave; những người gi&agrave;u c&oacute;, sang chảnh cũng sẵn s&agrave;ng bỏ ra chỉ để thưởng thức c&aacute;i khối sụn m&ocirc;i của con c&aacute; anh vũ.</p>\r\n\r\n<p>Theo một vị gi&aacute;m đốc của C&ocirc;ng ty ph&acirc;n phối loại c&aacute; anh vũ n&agrave;y cho biết, mỗi th&aacute;ng c&ocirc;ng ty của &ocirc;ng xuất ra thị trường khoảng 400 đến 500 con, chủ yếu l&agrave; cung cấp cho c&aacute;c nh&agrave; h&agrave;ng sang trọng, b&aacute;n v&agrave;o S&agrave;i G&ograve;n, v&agrave; xuất khẩu ra nước ngo&agrave;i.</p>\r\n\r\n<p><strong>4. C&aacute; ch&igrave;a v&ocirc;i</strong></p>\r\n\r\n<p>&nbsp;</p>\r\n\r\n<p style=\"text-align:center\">&nbsp;<img alt=\"Những món ăn đắt nhất Việt Nam - 4\" id=\"news-image-id-3\" src=\"http://24h-img.24hstatic.com/upload/1-2016/images/2016-03-18/1458263119-mon-an-dat-nhat-4.jpg\" /></p>\r\n\r\n<p>Do mỏ c&aacute; c&oacute; h&igrave;nh ống rất d&agrave;i v&agrave; đầu miệng loe ra như miệng c&aacute;i b&igrave;nh v&ocirc;i n&ecirc;n ngư d&acirc;n đặt t&ecirc;n ch&igrave;a v&ocirc;i cho lo&agrave;i c&aacute; n&agrave;y</p>\r\n\r\n<p>C&aacute; ch&igrave;a v&ocirc;i hay c&ograve;n gọi l&agrave; Hải Long, c&aacute; ph&oacute;ng lao, c&oacute; chiều d&agrave;i như con lươn cỡ lớn, th&acirc;n h&igrave;nh tr&ograve;n, da m&agrave;u đỏ rực nhưng kh&ocirc;ng trơn nhớt như lươn. Con trưởng th&agrave;nh chiều d&agrave;i đến cả m&eacute;t, nặng tr&ecirc;n dưới kg. Hiện nay vẫn chưa c&oacute; th&ocirc;ng tin đồng nhất về nguồn gốc của lo&agrave;i c&aacute; n&agrave;y. Tuy nhi&ecirc;n, đ&acirc;y l&agrave; loại c&aacute; chỉ sinh sống v&agrave; ph&aacute;t triển tại s&ocirc;ng Nh&agrave; B&egrave;, nơi c&oacute; d&ograve;ng nước ph&ugrave; hợp. C&aacute; ch&igrave;a v&ocirc;i l&agrave; một hải đặc sản qu&yacute; của v&ugrave;ng biển miền Trung được giới s&agrave;nh ăn săn đ&oacute;n với mức gi&aacute; từ 1 - 1,3 triệu đồng. Do đ&aacute;nh bắt nhiều, loại c&aacute; n&agrave;y hiện đ&atilde; trở n&ecirc;n khan hiếm. Ch&iacute;nh v&igrave; vậy m&agrave; gi&aacute; th&agrave;nh của m&oacute;n ăn n&agrave;y cũng ng&agrave;y một tăng cao. Nhưng c&agrave;ng khan hiếm, số người sẵn s&agrave;ng chi tiền để thưởng thức n&oacute; c&agrave;ng nhiều.</p>\r\n\r\n<p>Thịt c&aacute; ch&igrave;a v&ocirc;i rất thơm ngon v&agrave; l&agrave; nguồn cung cấp nhiều chất đạm, &iacute;t chất b&eacute;o, nhiều vitamin như niacin, B6 v&agrave; kho&aacute;ng chất như canxi, sắt... gi&uacute;p tạo hồng cầu v&agrave; k&iacute;ch hoạt hệ miễn nhiễm. C&aacute; cũng chứa một lượng acid b&eacute;o omega -3 đ&aacute;ng kể.</p>\r\n\r\n<p>Hơn thế, lo&agrave;i c&aacute; n&agrave;y c&ograve;n được c&aacute;c thầy thuốc Việt Nam, Trung Quốc, Nhật Bản, Triều Ti&ecirc;n d&ugrave;ng l&agrave;m thuốc v&igrave; c&oacute; vị ngọt, t&iacute;nh ấm, t&aacute;c động v&agrave;o c&aacute;c kinh mạch thuộc thận, c&oacute; c&aacute;c t&aacute;c dụng bổ thận, tr&aacute;ng dương... n&ecirc;n được d&ugrave;ng trong nhiều thang thuốc trị liệt dương, đau lưng, bổ thận v&agrave; gi&uacute;p phụ nữ dễ sinh nở. B&ecirc;n cạnh đ&oacute;, c&aacute; ch&igrave;a v&ocirc;i được nấu chung với t&aacute;o t&agrave;u v&agrave; nấm đ&ocirc;ng c&ocirc; để chữa trị bướu cổ v&agrave; tr&agrave;ng nhạc (sưng hạch cổ, lao hạch)...v&agrave; c&oacute; thể d&ugrave;ng cho cả trẻ em v&agrave; người cao tuổi.</p>\r\n\r\n<p><strong>5. S&aacute; s&ugrave;ng</strong></p>\r\n\r\n<p>&nbsp;</p>\r\n\r\n<p style=\"text-align:center\">&nbsp;<img alt=\"Những món ăn đắt nhất Việt Nam - 5\" id=\"news-image-id-4\" src=\"http://24h-img.24hstatic.com/upload/1-2016/images/2016-03-18/1458263119-mon-an-dat-nhat-5.jpg\" style=\"width:500px\" /></p>\r\n\r\n<p>S&aacute; s&ugrave;ng l&agrave; một trong những hải sản qu&yacute; hiếm từ ng&agrave;n xưa, s&aacute; s&ugrave;ng c&oacute; gi&aacute; th&agrave;nh kh&aacute; cao. Thậm ch&iacute;, trong một v&agrave;i thời điểm, gi&aacute; 1kg th&agrave;nh phẩm của loại &ldquo;s&acirc;u biển&rdquo; n&agrave;y tương đương với một chỉ v&agrave;ng. S&aacute; s&ugrave;ng c&oacute; thể chế biến m&oacute;n ăn khi c&ograve;n tươi hay đ&atilde; phơi kh&ocirc;. T&ugrave;y phương ph&aacute;p chế biến, song với mỗi m&oacute;n ăn, loại nguy&ecirc;n liệu s&aacute;nh với v&agrave;ng n&agrave;y điều l&agrave;m thực kh&aacute;ch h&agrave;i l&ograve;ng.</p>\r\n\r\n<p><strong>6. Ng&aacute;n</strong></p>\r\n\r\n<p style=\"text-align:center\">&nbsp;<img alt=\"Những món ăn đắt nhất Việt Nam - 6\" id=\"news-image-id-5\" src=\"http://24h-img.24hstatic.com/upload/1-2016/images/2016-03-18/1458263119-mon-an-dat-nhat-6.jpg\" /></p>\r\n\r\n<p>Ng&aacute;n l&agrave; một loại hải sản hơi giống ngh&ecirc;u nhưng c&oacute; gi&aacute; th&agrave;nh gấp v&agrave;i chục lần (khoảng 600-800 đồng/k&yacute;). Ng&aacute;n được cho l&agrave; c&oacute; độ bổ dưỡng cao, th&iacute;ch hợp để bồi dưỡng sức khỏe. Ng&aacute;n c&oacute; thể chế biến th&agrave;nh nhiều m&oacute;n ăn kh&aacute;c nhau như ch&aacute;o ng&aacute;o, ng&aacute;n nướng, rượu ng&aacute;n (ng&acirc;m ng&aacute;n sống v&agrave;o rượu)... song ngon nhất v&agrave; tạo n&ecirc;n thương hiệu đặc sản của Hạ Long l&agrave; b&uacute;n trộn ng&aacute;n.</p>\r\n\r\n<p><strong>7. S&acirc;m cầm</strong></p>\r\n\r\n<p style=\"text-align:center\">&nbsp;<img alt=\"Những món ăn đắt nhất Việt Nam - 7\" id=\"news-image-id-6\" src=\"http://24h-img.24hstatic.com/upload/1-2016/images/2016-03-18/1458263119-mon-an-dat-nhat-7.jpg\" style=\"width:500px\" /></p>\r\n\r\n<p>Lo&agrave;i S&acirc;m cầm l&agrave; loại chim di cư từ phương Bắc v&agrave; cũng thuộc top những sản vật phải tiến cống vua. n&ecirc;n c&oacute; gi&aacute; th&agrave;nh rất cao. Hiện nay, một con s&acirc;m cầm được nu&ocirc;i trong c&aacute;c trang trại nặng khoảng 500 gram sẽ c&oacute; gi&aacute; khoảng 900.000 đồng.</p>\r\n\r\n<p>Đặc biệt, nếu l&agrave; loại chim được đ&aacute;nh bắt trong tự nhi&ecirc;n th&igrave; sẽ c&oacute; gi&aacute; th&agrave;nh cao hơn nhiều. Thịt chim s&acirc;m cầm c&oacute; độ bổ dưỡng cao, tăng cường sức khỏe n&ecirc;n thường được c&aacute;c giới đại gia Việt săn l&ugrave;ng để bồi dưỡng sức khỏe, tr&aacute;ng dương.</p>\r\n\r\n<p><strong>8. C&aacute; ch&eacute;p gi&ograve;n</strong></p>\r\n\r\n<p>&nbsp;</p>\r\n\r\n<p style=\"text-align:center\">&nbsp;<img alt=\"Những món ăn đắt nhất Việt Nam - 8\" id=\"news-image-id-7\" src=\"http://24h-img.24hstatic.com/upload/1-2016/images/2016-03-18/1458263119-mon-an-dat-nhat-8.jpg\" /></p>\r\n\r\n<p>C&aacute; ch&eacute;p gi&ograve;n&nbsp;mới được&nbsp;du nhập v&agrave; nu&ocirc;i th&agrave;nh c&ocirc;ng tại nước ta&nbsp;trong thời gian qua. N&oacute;&nbsp;cũng l&agrave; một trong những lo&agrave;i c&aacute;&nbsp;c&oacute; mức&nbsp;gi&aacute; kh&aacute; caodao động từ 400 - 500.000 đồng/kg. Đặc điểm nổi bật của loại c&aacute;&nbsp;n&agrave;y l&agrave; thịt c&aacute; kh&aacute; săn chắc n&ecirc;n khi ăn, người ta kh&ocirc;ng d&ugrave;ng đũa để xẻ m&agrave; phải d&ugrave;ng dao cắt th&agrave;nh miếng vừa miệng. Khi ăn, thịt kh&ocirc;ng mềm, ngọt m&agrave; dai dai, sần sật.</p>\r\n\r\n<p>V&agrave;i năm trở lại đ&acirc;y, c&aacute; ch&eacute;p gi&ograve;n trở th&agrave;nh một m&oacute;n ăn &ldquo;kho&aacute;i khẩu&rdquo; của những nh&agrave; gi&agrave;u bởi c&aacute; c&oacute; vị ngọt của t&ocirc;m v&agrave; độ dai của thịt lợn. Nếu so với c&aacute; ch&eacute;p, c&aacute; trắm s&ocirc;ng hay c&aacute; nu&ocirc;i th&igrave; loại c&oacute; n&agrave;y c&oacute; vị ngon vượt trội v&agrave; rất thơm, đặc biệt, c&aacute; kh&ocirc;ng c&ograve;n vị tanh m&agrave; lại gi&ograve;n tan, hấp dẫn.</p>\r\n\r\n<p><strong>9. T&ocirc;m h&ugrave;m</strong></p>\r\n\r\n<p>&nbsp;</p>\r\n\r\n<p style=\"text-align:center\">&nbsp;<img alt=\"Những món ăn đắt nhất Việt Nam - 9\" id=\"news-image-id-8\" src=\"http://24h-img.24hstatic.com/upload/1-2016/images/2016-03-18/1458263119-mon-an-dat-nhat-9.jpg\" /></p>\r\n\r\n<p>T&ocirc;m h&ugrave;m thường sống ở dưới rạn đ&aacute; san h&ocirc;, từ l&acirc;u đ&atilde; được coi l&agrave; vua của c&aacute;c loại hải sản thuộc họ t&ocirc;m bởi thịt chắc ngọt. Để bắt được loại hải sản n&agrave;y, ngư d&acirc;n phải l&agrave; người c&oacute; sức khỏe, kinh nghiệm d&agrave;y dặn mới c&oacute; thể bắt được nhiều.</p>\r\n\r\n<p>T&ocirc;m h&ugrave;m nổi bật với hai chiếc c&agrave;ng to, rất khỏe, thịt t&ocirc;m ngon v&agrave; ngọt nhất cũng ở hai phần c&agrave;ng. Do thức ăn của t&ocirc;m h&ugrave;m chủ yếu l&agrave; c&aacute;, cua, s&ograve;... n&ecirc;n đ&acirc;y l&agrave; m&oacute;n hải sản gi&agrave;u canxi v&agrave; đạm, gi&uacute;p bồi bổ sức khỏe, tăng cường thể lực. Ngo&agrave;i ra, t&ocirc;m h&ugrave;m được chế biến th&agrave;nh rất nhiều m&oacute;n ngon như t&ocirc;m nướng ph&ocirc; mai, nướng bơ tỏi, sốt bơ c&agrave; chua... Với mức gi&aacute; khoảng 3 triệu đồng/kg nhưng m&oacute;n t&ocirc;m n&agrave;y rất hấp dẫn với thực kh&aacute;ch s&agrave;nh ăn. Khi ăn bạn sẽ cảm nhận xen lẫn trong từng thớ thịt chắc ngọt, đậm đ&agrave; vị biển l&agrave; lớp sụn gi&ograve;n lựt sựt của c&aacute;c sợi g&acirc;n.</p>\r\n\r\n<p><strong>10. V&acirc;y c&aacute; mập</strong></p>\r\n\r\n<p>&nbsp;</p>\r\n\r\n<p style=\"text-align:center\">&nbsp;<img alt=\"Những món ăn đắt nhất Việt Nam - 10\" id=\"news-image-id-9\" src=\"http://24h-img.24hstatic.com/upload/1-2016/images/2016-03-18/1458263119-mon-an-dat-nhat-10.jpg\" /></p>\r\n\r\n<p>V&acirc;y c&aacute; mập, s&uacute;p v&acirc;y c&aacute; mập (vi c&aacute; mập) từ xa xưa đ&atilde; nổi tiếng l&agrave; m&oacute;n ăn ngon, bổ dưỡng, chỉ c&oacute; c&aacute;c bậc vua ch&uacute;a mới c&oacute; thể thưởng thức. Tuy nhi&ecirc;n ng&agrave;y nay, m&oacute;n ăn n&agrave;y đ&atilde; xuất hiện ở một số nh&agrave; h&agrave;ng cao cấp, v&agrave; l&agrave; một trong những m&oacute;n ăn đắt đỏ ở Việt Nam. V&acirc;y c&aacute; mập thường được chế biến th&agrave;nh m&oacute;n s&uacute;p, được b&aacute;n với gi&aacute; khoảng 1,5 triệu đồng một b&aacute;t nhỏ.</p>\r\n\r\n<p>Mặc d&ugrave; giới khoa học cảnh b&aacute;o vi c&aacute; mập c&oacute; thể g&acirc;y hại cho sức khỏe v&igrave; chứa một lượng lớn thủy ng&acirc;n do &ocirc; nhiễm nước trong c&aacute;c đại dương, cơ thể c&aacute; mập c&oacute; nồng độ thủy ng&acirc;n cao hơn phần lớn động vật biển kh&aacute;c nhưng tr&ecirc;n thực tế, m&oacute;n s&uacute;p vi c&aacute; mập vẫn c&oacute; một sức hấp dẫn đặc biệt với người s&agrave;nh ăn đặc biệt l&agrave; c&aacute;c đại gia Việt.</p>\r\n\r\n<p><strong>11. Cua Ho&agrave;ng Đế</strong></p>\r\n\r\n<p>&nbsp;</p>\r\n\r\n<p style=\"text-align:center\"><img alt=\"\" src=\"http://24h-static.24hstatic.com/images/2014/share-fb.gif\" style=\"height:20px; width:67px\" />&nbsp;<img alt=\"\" src=\"http://24h-static.24hstatic.com/images/2014/share-gg.gif\" style=\"height:20px; width:67px\" /><img alt=\"Những món ăn đắt nhất Việt Nam - 11\" id=\"news-image-id-10\" src=\"http://24h-img.24hstatic.com/upload/1-2016/images/2016-03-18/1458263119-mon-an-dat-nhat-11.jpg\" /></p>\r\n\r\n<p>Cua Ho&agrave;ng Đế (hay c&ograve;n gọi l&agrave; Huỳnh Đế) l&agrave; lo&agrave;i cua rất hiếm, chỉ sống ở những v&ugrave;ng biển rất lạnh v&agrave; s&acirc;u. Lo&agrave;i cua n&agrave;y c&oacute; k&iacute;ch thước lớn hơn nhiều so với lo&agrave;i cua th&ocirc;ng thường, c&oacute; 2 c&agrave;ng v&agrave; 6 ch&acirc;n, m&agrave;u đỏ au. Cua ho&agrave;ng đế c&oacute; thịt chắc, gạch thơm v&agrave; b&eacute;o ngậy hơn hẳn c&aacute;c loại cua ghẹ kh&aacute;c n&ecirc;n rất được giới s&agrave;nh ăn săn l&ugrave;ng.</p>\r\n\r\n<p>Kh&ocirc;ng như những m&oacute;n ăn kh&aacute;c, cua ho&agrave;ng đế chỉ những thực kh&aacute;ch s&agrave;nh ăn v&agrave; gi&agrave;u c&oacute; mới c&oacute; thể thưởng thức bởi gi&aacute; của n&oacute; cao ngất ngưởng. Ở si&ecirc;u thị tại H&agrave; Nội, một con cua nhập khẩu nặng khoảng 2 kg c&oacute; thời điểm b&aacute;n tới 5 triệu đồng/ con. Một v&agrave;i nh&agrave; h&agrave;ng ở H&agrave; Nội đ&atilde; chế biến m&oacute;n ăn n&agrave;y, tuy nhi&ecirc;n gi&aacute; của n&oacute; cao ngất ngưởng, khoảng 3,5 triệu đồng/kg.</p>\r\n\r\n<p>C&oacute; nhiều c&aacute;ch chế biến m&oacute;n cua, tuy nhi&ecirc;n, để giữ được vị ngọt đặc trưng của cua, ngon nhất vẫn l&agrave; hấp hoặc nướng. Ở Việt Nam, lo&agrave;i cua n&agrave;y chỉ ở những v&ugrave;ng biển sạch, đ&aacute;y biển v&agrave; nguồn nước trong xanh như ở đảo Ph&uacute; Qu&yacute;, Cam Ranh..., tuy nhi&ecirc;n kh&ocirc;ng phải l&uacute;c n&agrave;o cũng dễ d&agrave;ng t&igrave;m được loại cua n&agrave;y.</p>', NULL, '2017-07-08 04:32:30', '2017-07-07 21:32:30'),
(70, 23, 39, 'Cách làm súp tôm thịt nước dừa kiểu Thái', 'cach-lam-sup-tom-thit-nuoc-dua-kieu-thai', '<h1><span style=\"font-size:14px\">C&aacute;ch l&agrave;m s&uacute;p t&ocirc;m thịt nước dừa kiểu Th&aacute;i</span></h1>\r\n\r\n<p><span style=\"font-size:14px\"><strong>a, Nguy&ecirc;n liệu:</strong></span></p>\r\n\r\n<p><span style=\"font-size:14px\">- 200g ức g&agrave; xắt nhỏ</span></p>\r\n\r\n<p><span style=\"font-size:14px\">- 200g t&ocirc;m lột vỏ</span></p>\r\n\r\n<p><span style=\"font-size:14px\">- 180ml nước cốt dừa</span></p>\r\n\r\n<p><span style=\"font-size:14px\">- 150g nấm mỡ</span></p>\r\n\r\n<p><span style=\"font-size:14px\">- 400ml nước d&ugrave;ng</span></p>\r\n\r\n<p><span style=\"font-size:14px\">- 950ml nước</span></p>\r\n\r\n<p><span style=\"font-size:14px\">- 1 nh&aacute;nh riềng xắt mỏng</span></p>\r\n\r\n<p><span style=\"font-size:14px\">- 3 c&acirc;y sả đập dập</span></p>\r\n\r\n<p><span style=\"font-size:14px\">- 12 l&aacute; chanh đập dập</span></p>\r\n\r\n<p><span style=\"font-size:14px\">- 45ml sốt ớt</span></p>\r\n\r\n<p><span style=\"font-size:14px\">- 1 quả ớt đỏ xắt l&aacute;t</span></p>\r\n\r\n<p><span style=\"font-size:14px\">- 20ml nước mắm</span></p>\r\n\r\n<p><span style=\"font-size:14px\">- 1 quả chanh vắt lấy nước cốt</span></p>\r\n\r\n<p style=\"text-align:center\"><span style=\"font-size:14px\"><img alt=\"\" src=\"http://haisanquangninh.org/data/dulieu/images/sup-nuoc-dua-01.jpg\" /></span></p>\r\n\r\n<p><span style=\"font-size:14px\"><strong>b, C&aacute;ch l&agrave;m:</strong></span></p>\r\n\r\n<p><span style=\"font-size:14px\">- Cho nước v&agrave; nước d&ugrave;ng v&agrave;o nồi, bật bếp lửa lớn.</span></p>\r\n\r\n<p><span style=\"font-size:14px\">- Th&ecirc;m sả, riềng, l&aacute; chanh v&agrave; sốt ớt v&agrave;o đun s&ocirc;i.</span></p>\r\n\r\n<p><span style=\"font-size:14px\">- Th&ecirc;m thịt g&agrave;, t&ocirc;m, nấm v&agrave; ớt v&agrave;o nấu tới khi ch&iacute;n, th&ecirc;m nước mắm, nước dừa v&agrave; nước chanh, khuấy đều.</span></p>\r\n\r\n<p><span style=\"font-size:14px\">M&uacute;c ra b&aacute;t v&agrave; thưởng thức.</span></p>', NULL, '2017-07-08 04:32:30', '2017-07-07 21:32:30');

-- --------------------------------------------------------

--
-- Cấu trúc bảng cho bảng `img_baiviet`
--

CREATE TABLE `img_baiviet` (
  `id` int(11) NOT NULL,
  `id_haisan` int(11) NOT NULL,
  `name` varchar(255) NOT NULL,
  `created_at` timestamp NOT NULL DEFAULT CURRENT_TIMESTAMP ON UPDATE CURRENT_TIMESTAMP,
  `updated_at` timestamp NOT NULL DEFAULT '0000-00-00 00:00:00'
) ENGINE=InnoDB DEFAULT CHARSET=utf8;

--
-- Đang đổ dữ liệu cho bảng `img_baiviet`
--

INSERT INTO `img_baiviet` (`id`, `id_haisan`, `name`, `created_at`, `updated_at`) VALUES
(10, 54, '541', '2017-07-07 03:26:00', '2017-07-07 03:26:00'),
(11, 54, '542', '2017-07-07 03:26:00', '2017-07-07 03:26:00'),
(12, 54, '543', '2017-07-07 03:26:00', '2017-07-07 03:26:00'),
(13, 55, '551', '2017-07-07 03:27:49', '2017-07-07 03:27:49'),
(14, 55, '552', '2017-07-07 03:27:49', '2017-07-07 03:27:49'),
(15, 55, '553', '2017-07-07 03:27:49', '2017-07-07 03:27:49'),
(16, 56, '561', '2017-07-07 03:43:02', '2017-07-07 03:43:02'),
(17, 57, '571', '2017-07-07 03:43:59', '2017-07-07 03:43:59'),
(18, 57, '572', '2017-07-07 03:43:59', '2017-07-07 03:43:59'),
(19, 57, '573', '2017-07-07 03:43:59', '2017-07-07 03:43:59'),
(20, 58, '581', '2017-07-07 03:45:23', '2017-07-07 03:45:23'),
(21, 58, '582', '2017-07-07 03:45:23', '2017-07-07 03:45:23'),
(22, 58, '583', '2017-07-07 03:45:23', '2017-07-07 03:45:23'),
(23, 59, '591', '2017-07-07 03:50:23', '2017-07-07 03:50:23'),
(24, 59, '592', '2017-07-07 03:50:23', '2017-07-07 03:50:23'),
(25, 60, '601', '2017-07-07 03:51:39', '2017-07-07 03:51:39'),
(26, 60, '602', '2017-07-07 03:51:39', '2017-07-07 03:51:39'),
(27, 60, '603', '2017-07-07 03:51:39', '2017-07-07 03:51:39'),
(28, 61, '611', '2017-07-07 03:52:38', '2017-07-07 03:52:38'),
(29, 61, '612', '2017-07-07 03:52:38', '2017-07-07 03:52:38'),
(30, 61, '613', '2017-07-07 03:52:38', '2017-07-07 03:52:38'),
(31, 62, '621', '2017-07-07 03:53:44', '2017-07-07 03:53:44'),
(32, 62, '622', '2017-07-07 03:53:44', '2017-07-07 03:53:44'),
(33, 63, '631', '2017-07-07 03:54:32', '2017-07-07 03:54:32'),
(34, 64, '641', '2017-07-07 03:55:29', '2017-07-07 03:55:29'),
(35, 64, '642', '2017-07-07 03:55:29', '2017-07-07 03:55:29');

-- --------------------------------------------------------

--
-- Cấu trúc bảng cho bảng `lienhe`
--

CREATE TABLE `lienhe` (
  `id` int(11) NOT NULL,
  `tentrangweb` varchar(255) NOT NULL,
  `zalo` varchar(255) NOT NULL,
  `google` text NOT NULL,
  `fanpage` text NOT NULL,
  `youtube` text NOT NULL,
  `diachi` varchar(500) NOT NULL,
  `created_at` timestamp NOT NULL DEFAULT CURRENT_TIMESTAMP ON UPDATE CURRENT_TIMESTAMP,
  `updated_at` timestamp NOT NULL DEFAULT '0000-00-00 00:00:00'
) ENGINE=InnoDB DEFAULT CHARSET=utf8;

--
-- Đang đổ dữ liệu cho bảng `lienhe`
--

INSERT INTO `lienhe` (`id`, `tentrangweb`, `zalo`, `google`, `fanpage`, `youtube`, `diachi`, `created_at`, `updated_at`) VALUES
(1, 'Hải sản Quảng Ninh', '0999.999.999 - 0999.999.999', 'https://plus.google.com/u/0/+HảisảnQuảngNinh', 'https://www.facebook.com/haisanquangninh.org/', 'https://www.youtube.com/channel/UCiGLdhGn68SVBRHZVAdan8g', 'Số 26, 8/11/36/105 Lê Quang Đạo, Phú Đô, Nam Từ Liêm, Hà Nội', '2017-07-03 03:05:52', '2017-07-02 20:05:52');

-- --------------------------------------------------------

--
-- Cấu trúc bảng cho bảng `menu`
--

CREATE TABLE `menu` (
  `id` int(11) NOT NULL,
  `name` varchar(255) NOT NULL,
  `url` varchar(255) NOT NULL,
  `tt` int(11) NOT NULL DEFAULT '0',
  `created_at` timestamp NOT NULL DEFAULT CURRENT_TIMESTAMP ON UPDATE CURRENT_TIMESTAMP,
  `updated_at` timestamp NOT NULL DEFAULT '0000-00-00 00:00:00'
) ENGINE=InnoDB DEFAULT CHARSET=utf8;

--
-- Đang đổ dữ liệu cho bảng `menu`
--

INSERT INTO `menu` (`id`, `name`, `url`, `tt`, `created_at`, `updated_at`) VALUES
(1, 'giới thiệu', 'gioi-thieu', 0, '2017-07-07 09:29:26', '0000-00-00 00:00:00'),
(2, 'liên hệ', 'lien-he', 0, '2017-07-08 03:40:25', '2017-07-07 20:40:25'),
(20, 'hải sản tươi sống', 'hai-san-tuoi-song', 1, '2017-07-11 13:10:47', '2017-07-11 06:10:47'),
(21, 'hải sản khô', 'hai-san-kho', 2, '2017-07-11 13:10:47', '2017-07-11 06:10:47'),
(22, 'hải sản chế biến', 'hai-san-che-bien', 0, '2017-07-11 13:07:41', '2017-07-11 06:07:41'),
(23, 'tin tức', 'tin-tuc', 3, '2017-07-11 13:10:47', '2017-07-11 06:10:47');

-- --------------------------------------------------------

--
-- Cấu trúc bảng cho bảng `menu_theloai`
--

CREATE TABLE `menu_theloai` (
  `id` int(11) NOT NULL,
  `id_menu` int(11) NOT NULL,
  `name` varchar(255) NOT NULL,
  `url` varchar(255) NOT NULL,
  `created_at` timestamp NOT NULL DEFAULT CURRENT_TIMESTAMP ON UPDATE CURRENT_TIMESTAMP,
  `updated_at` timestamp NOT NULL DEFAULT '0000-00-00 00:00:00'
) ENGINE=InnoDB DEFAULT CHARSET=utf8;

--
-- Đang đổ dữ liệu cho bảng `menu_theloai`
--

INSERT INTO `menu_theloai` (`id`, `id_menu`, `name`, `url`, `created_at`, `updated_at`) VALUES
(24, 20, 'sò lông', 'so-long', '2017-07-08 04:18:06', '2017-07-07 21:18:06'),
(25, 20, 'bạch tuột', 'bach-tuot', '2017-07-08 04:18:25', '2017-07-07 21:18:25'),
(26, 20, 'mực tươi', 'muc-tuoi', '2017-07-08 04:18:25', '2017-07-07 21:18:25'),
(27, 20, 'cá biển', 'ca-bien', '2017-07-08 04:18:30', '2017-07-07 21:18:30'),
(28, 20, 'ghẹ biển', 'ghe-bien', '2017-07-08 04:18:03', '2017-07-07 21:18:03'),
(29, 20, 'ngán biển', 'ngan-bien', '2017-07-08 04:18:25', '2017-07-07 21:18:25'),
(30, 20, 'cua biển', 'cua-bien', '2017-07-08 04:18:15', '2017-07-07 21:18:15'),
(31, 20, 'tôm biển', 'tom-bien', '2017-07-08 04:18:03', '2017-07-07 21:18:03'),
(32, 20, 'bề bề', 'be-be', '2017-07-08 04:18:03', '2017-07-07 21:18:03'),
(33, 21, 'mực khô', 'muc-kho', '2017-07-08 03:50:49', '2017-07-07 03:21:06'),
(34, 21, 'cá ngựa', 'ca-ngua', '2017-07-08 03:50:52', '2017-07-07 03:21:14'),
(35, 21, 'tôm khô bóc nõn', 'tom-kho-boc-non', '2017-07-08 03:50:55', '2017-07-07 03:21:36'),
(36, 21, 'cá chỉ vàng', 'ca-chi-vang', '2017-07-08 03:50:57', '2017-07-07 03:21:46'),
(37, 22, 'chả mực hạ long', 'cha-muc-ha-long', '2017-07-08 03:54:35', '2017-07-07 20:54:35'),
(38, 22, 'tôm tươi bóc nõn', 'tom-tuoi-boc-non', '2017-07-08 03:54:35', '2017-07-07 20:54:35'),
(39, 23, 'ẩm thực', 'am-thuc', '2017-07-08 16:25:12', '2017-07-08 09:25:12'),
(40, 23, 'du lịch quảng ninh', 'du-lich-quang-ninh', '2017-07-08 03:51:06', '2017-07-07 03:23:35');

-- --------------------------------------------------------

--
-- Cấu trúc bảng cho bảng `migrations`
--

CREATE TABLE `migrations` (
  `id` int(10) UNSIGNED NOT NULL,
  `migration` varchar(255) COLLATE utf8mb4_unicode_ci NOT NULL,
  `batch` int(11) NOT NULL
) ENGINE=InnoDB DEFAULT CHARSET=utf8mb4 COLLATE=utf8mb4_unicode_ci;

-- --------------------------------------------------------

--
-- Cấu trúc bảng cho bảng `thongtin`
--

CREATE TABLE `thongtin` (
  `id` int(11) NOT NULL,
  `gioithieu` longtext NOT NULL,
  `lienhe` longtext NOT NULL,
  `muahang` longtext NOT NULL,
  `thanhtoan` longtext NOT NULL,
  `created_at` timestamp NOT NULL DEFAULT CURRENT_TIMESTAMP ON UPDATE CURRENT_TIMESTAMP,
  `updated_at` timestamp NOT NULL DEFAULT '0000-00-00 00:00:00'
) ENGINE=InnoDB DEFAULT CHARSET=utf8;

--
-- Đang đổ dữ liệu cho bảng `thongtin`
--

INSERT INTO `thongtin` (`id`, `gioithieu`, `lienhe`, `muahang`, `thanhtoan`, `created_at`, `updated_at`) VALUES
(1, '<p><span style=\"font-size:16px\"><strong>Hải sản&nbsp;</strong>l&agrave; t&ecirc;n gọi chung của tất cả sinh vật biển được sử dụng l&agrave;m thức ăn của con người. Hải sản l&agrave; nguồn cung cấp protein quan trọng bậc nhất,đặc biệt với d&acirc;n v&ugrave;ng ven biển,n&oacute; kh&ocirc;ng chỉ ngon m&agrave; c&ograve;n c&oacute; gi&aacute; trị dinh dưỡng tuyệt vời. Hải sản dễ d&agrave;ng được chế biến th&agrave;nh nhiều m&oacute;n ăn hấp dẫn.</span></p>\r\n\r\n<p><span style=\"font-size:16px\">Với kinh nghiệm đ&aacute;nh bắt v&agrave; thu gom hải sản nhiều năm tại c&aacute;c v&ugrave;ng biển của Quảng Ninh.<strong>&nbsp;HẢI SẢN QUẢNG NINH</strong>&nbsp;ch&uacute;ng t&ocirc;i lu&ocirc;n cung cấp những mặt h&agrave;ng hải sản tươi ngon, hải sản sạch, an to&agrave;n, chất lương đảm bảo vệ sinh an to&agrave;n thực phẩm, kh&ocirc;ng c&oacute; chất bảo quản hoặc phụ gia độc hại. Hải sản được lấy trực tiếp của gia đ&igrave;nh tự đ&aacute;nh bắt v&agrave; thu gom của Ngư D&acirc;n sau đ&oacute; vận chuyển thẳng l&ecirc;n H&agrave; Nội c&aacute;c ng&agrave;y trong tuần. Hải sản Quảng Ninh chuy&ecirc;n cung cấp c&aacute;c loại<strong>&nbsp;<a href=\"http://haisanquangninh.org/danhmuc/Hai-san-tuoi-song/2.html\">hải sản tươi sống</a></strong>: Cua biển, Ghẹ biển, T&ocirc;m He, T&ocirc;m S&uacute;, Mực L&aacute;, Mực Ống, Mực Trứng, Bề Bề, Ruốc (Bạch tuộc), Ng&aacute;n biển, C&aacute; biển...<strong><a href=\"http://haisanquangninh.org/danhmuc/Hai-san-kho/1.html\">hải sản kh&ocirc;</a></strong>: Mực kh&ocirc;, T&ocirc;m kh&ocirc; b&oacute;c n&otilde;n, C&aacute; chỉ v&agrave;ng kh&ocirc;, C&aacute; biển kh&ocirc;, đặc biệt l&agrave; C&aacute; Ngựa kh&ocirc; l&agrave; loại thuốc đ&ocirc;ng y qu&yacute; hiếm... v&agrave;&nbsp;<strong><a href=\"http://haisanquangninh.org/danhmuc/Hai-san-che-bien/3.html\">hải sản chế biến</a></strong>: Chả mực Hạ Long gi&atilde; tay nguy&ecirc;n chất, T&ocirc;m tươi b&oacute;c n&otilde;n, Ghẹ b&oacute;c n&otilde;n, Bề Bề b&oacute;c n&otilde;n... &nbsp;cho c&aacute;c c&aacute; nh&acirc;n, nh&agrave; h&agrave;ng, kh&aacute;ch sạn, đ&aacute;m cưới, hội nghị, sinh nhật&hellip;</span></p>\r\n\r\n<p><span style=\"font-size:16px\">Đến với&nbsp;<strong>HẢI SẢN QUẢNG NINH</strong>, qu&yacute; kh&aacute;ch sẽ thấy h&agrave;i l&ograve;ng nhất qua những sản phẩm chất lượng, gi&aacute; th&agrave;nh cạnh tranh v&agrave; cung c&aacute;ch phục vụ đ&aacute;p ứng mong đợi của kh&aacute;ch h&agrave;ng.</span></p>\r\n\r\n<p><span style=\"font-size:16px\">Th&ocirc;ng tin li&ecirc;n hệ:</span></p>\r\n\r\n<p><span style=\"font-size:16px\">Địa chỉ:<a href=\"http://haisanquangninh.org/baiviet/Lien-he/5.html\">&nbsp;<strong>Cửa H&agrave;ng Hải Sản Quảng Ninh</strong>&nbsp;</a>- Số 26, ng&aacute;ch 8/11/36/105 L&ecirc; Quang Đạo, tổ 5, Ph&uacute; Đ&ocirc;, Nam Từ Li&ecirc;m, H&agrave; Nội.</span></p>\r\n\r\n<p><span style=\"font-size:16px\">Điện thoại: 097 113 88 89 - &nbsp;0916 695 087</span></p>\r\n\r\n<p><span style=\"font-size:16px\">Website :&nbsp;<a href=\"http://haisanquangninh.org/baiviet/Gioi-thieu/1.html\">www.</a><a href=\"http://haisanquangninh.org/\">haisanquangninh.org</a></span></p>\r\n\r\n<p><span style=\"font-size:16px\">Fb:&nbsp;<a href=\"https://www.facebook.com/haisanquangninh.org\">www.facebook.com/haisanquangninh.org</a></span></p>\r\n\r\n<p><span style=\"font-size:16px\">E-mail : h<a href=\"http://haisanquangninh.org@gmail.com/\">aisanquangninh.org@gmail.com</a></span></p>', '<p>Th&ocirc;ng tin li&ecirc;n hệ:&nbsp;</p>\r\n\r\n<p>Địa chỉ:&nbsp;<strong>Cửa h&agrave;ng Hải sản Quảng Ninh&nbsp;</strong>- số 26, ng&aacute;ch&nbsp;8/11/36/105 L&ecirc; Quang Đạo,&nbsp;tổ d&acirc;n phố 5,&nbsp;phường Ph&uacute; Đ&ocirc;, quận Nam Từ Li&ecirc;m, th&agrave;nh phố H&agrave; Nội.</p>\r\n\r\n<p>Điện thoại: 097 113 88 89 - 0916 695 087</p>\r\n\r\n<p>Website &nbsp; :&nbsp;<a href=\"http://haisanquangninh.org/\">http://haisanquangninh.org</a></p>\r\n\r\n<p>Facebook:<a href=\"https://www.facebook.com/haisanquangninh.org\">https://www.facebook.com/haisanquangninh.org</a></p>\r\n\r\n<p>Email &nbsp; &nbsp; &nbsp; :&nbsp;<a href=\"mailto:haisanquangninh.org@gmail.com\">haisanquangninh.org@gmail.com</a></p>\r\n\r\n<p style=\"text-align:center\"><img alt=\"liên hệ hải sản quảng ninh\" src=\"http://haisanquangninh.org/data/dulieu/images/hais-an-quang-ninh-phu-do(1).jpg\" style=\"height:955px; width:700px\" /></p>\r\n\r\n<p><strong>GOOGLE MAPS (QU&Yacute; KH&Aacute;CH TRUY CẬP V&Agrave;O GOOGLE MAPS G&Otilde; &quot;HẢI SẢN QUẢNG NINH PH&Uacute; Đ&Ocirc;&quot;)</strong></p>\r\n\r\n<p style=\"text-align:center\"><img alt=\"\" src=\"http://haisanquangninh.org/data/dulieu/images/h%E1%BA%A3i%20s%E1%BA%A3n%20qu%E1%BA%A3ng%20ninh%20-%20b%E1%BA%A3n%20%C4%91%E1%BB%93.JPG\" style=\"height:498px; width:700px\" /></p>\r\n\r\n<p><strong>SƠ ĐỒ HƯỚNG DẪN MUA H&Agrave;NG HẢI SẢN QUẢNG NINH</strong></p>\r\n\r\n<p style=\"text-align:center\"><img alt=\"\" src=\"http://haisanquangninh.org/data/dulieu/images/b%E1%BA%A3n-%C4%91%E1%BB%93-haisanquangninh_org.JPG\" style=\"height:488px; width:700px\" /></p>', '<p><strong>1. Địa chỉ mua h&agrave;ng trực tiếp Hải sản Quảng Ninh</strong></p>\r\n\r\n<p>Qu&yacute; kh&aacute;ch h&agrave;ng c&oacute; thể đến trực tiếp Nh&agrave; số 26, ng&aacute;ch 8/11/36/105 L&ecirc; Quang Đạo,tổ d&acirc;n phố 5, phường Ph&uacute; Đ&ocirc;, quận Nam Từ Li&ecirc;m, th&agrave;nh phố H&agrave; Nội để xem v&agrave; lựa chọn sản phẩm.</p>\r\n\r\n<p><img alt=\"lien-he-hai-san-quang-ninh\" src=\"http://haisanquangninh.org/data/dulieu/images/hais-an-quang-ninh-phu-do(1).jpg\" /></p>\r\n\r\n<p><strong>2. Mua h&agrave;ng Online</strong></p>\r\n\r\n<p>Qu&yacute; kh&aacute;ch h&agrave;ng vui l&ograve;ng truy cập v&agrave;o</p>\r\n\r\n<p>Website:&nbsp;<a href=\"http://haisanquangninh.org/\">http://haisanquangninh.org</a>&nbsp;-</p>\r\n\r\n<p>Facebook:<a href=\"https://www.facebook.com/haisanquangninh.org\">https://www.facebook.com/haisanquangninh.org</a></p>\r\n\r\n<p>Email: haisanquangninh.org@gmail.com&nbsp;</p>\r\n\r\n<p>Gọi điện trực tiếp v&agrave;o số Điện thoại:&nbsp;<strong>097 113 88 89</strong>&nbsp;-&nbsp;<strong>0916 695 087&nbsp;</strong>để được tư vấn về sản phẩm v&agrave; hỗ trợ mua h&agrave;ng</p>\r\n\r\n<ul>\r\n	<li>Sau khi qu&yacute; kh&aacute;ch h&agrave;ng đ&atilde; lựa chọn được sản phẩm để mua bạn vui l&ograve;ng th&ocirc;ng tin cho ch&uacute;ng t&ocirc;i về số lượng, chủng loại sản phẩm đ&oacute;. Ch&uacute;ng t&ocirc;i sẽ th&ocirc;ng b&aacute;o cho kh&aacute;ch h&agrave;ng về tổng gi&aacute; trị đơn h&agrave;ng của bạn.</li>\r\n	<li>Đối với đơn h&agrave;ng tr&ecirc;n 3kg, ch&uacute;ng t&ocirc;i sẽ&nbsp;<strong>miễn ph&iacute; vận chuyển</strong>&nbsp;cho bạn trong nội th&agrave;nh H&agrave; Nội</li>\r\n	<li>Đối với đơn h&agrave;ng dưới 3kg ch&uacute;ng t&ocirc;i sẽ lấy ph&iacute; vận chuyển từ 10.000đ - 30.000đ t&ugrave;y theo khoảng c&aacute;ch của bạn t&iacute;nh từ địa chỉ&nbsp;<strong>Hải sản Quảng Ninh</strong>&nbsp;(số nh&agrave; 26, ng&aacute;ch 8/11/36/105, tổ d&acirc;n phố số 5, phường Ph&uacute; Đ&ocirc;, quận Nam Từ Li&ecirc;m, th&agrave;nh phố H&agrave; Nội)</li>\r\n</ul>', '<p>Thanh to&aacute;n bằng tiền mặt sau khi đặt h&agrave;ng, ch&uacute;ng t&ocirc;i sẽ ship h&agrave;ng đến cho qu&yacute; kh&aacute;ch v&agrave; thu tiền mặt.</p>\r\n\r\n<p>Thanh to&aacute;n bằng h&igrave;nh thức chuyển khoản, sau khi đặt h&agrave;ng qu&yacute; kh&aacute;ch chuyển khoản cho ch&uacute;ng t&ocirc;i tạm ứng một nửa hoặc thanh to&aacute;n hết sau đ&oacute; ch&uacute;ng t&ocirc;i sẽ giao h&agrave;ng cho qu&yacute; kh&aacute;ch.</p>\r\n\r\n<p>Th&ocirc;ng tin chuyển khoản:</p>\r\n\r\n<p>Nguyễn Mạnh H&ugrave;ng</p>\r\n\r\n<p>Số t&agrave;i khoản: 0011003652965&nbsp;Ng&acirc;n h&agrave;ng Vietcombank - CN Thăng Long</p>', '2017-07-06 09:42:12', '2017-07-06 02:42:12');

-- --------------------------------------------------------

--
-- Cấu trúc bảng cho bảng `tintuc`
--

CREATE TABLE `tintuc` (
  `id` int(11) NOT NULL,
  `id_menutintuc` int(11) NOT NULL,
  `title` varchar(255) NOT NULL,
  `noidung` longtext NOT NULL,
  `created_at` timestamp NOT NULL DEFAULT CURRENT_TIMESTAMP ON UPDATE CURRENT_TIMESTAMP,
  `updated_at` timestamp NOT NULL DEFAULT '0000-00-00 00:00:00'
) ENGINE=InnoDB DEFAULT CHARSET=utf8;

-- --------------------------------------------------------

--
-- Cấu trúc bảng cho bảng `url_slider`
--

CREATE TABLE `url_slider` (
  `id` int(11) NOT NULL,
  `url` varchar(255) DEFAULT NULL,
  `created_at` timestamp NOT NULL DEFAULT CURRENT_TIMESTAMP ON UPDATE CURRENT_TIMESTAMP,
  `updated_at` timestamp NOT NULL DEFAULT '0000-00-00 00:00:00'
) ENGINE=InnoDB DEFAULT CHARSET=utf8;

--
-- Đang đổ dữ liệu cho bảng `url_slider`
--

INSERT INTO `url_slider` (`id`, `url`, `created_at`, `updated_at`) VALUES
(1, 'http://localhost/webhaisan/sanpham/bach-tuoc', '2017-07-11 02:43:30', '2017-07-10 19:43:30'),
(2, 'http://localhost/webhaisan/sanpham/bach-tuoc', '2017-07-10 06:47:19', '2017-07-09 23:47:19'),
(3, 'http://localhost/webhaisan/sanpham/bach-tuoc', '2017-07-10 06:47:19', '2017-07-09 23:47:19'),
(4, 'http://localhost/webhaisan/sanpham/bach-tuoc', '2017-07-10 06:47:19', '2017-07-09 23:47:19');

-- --------------------------------------------------------

--
-- Cấu trúc bảng cho bảng `users`
--

CREATE TABLE `users` (
  `id` int(11) NOT NULL,
  `name` varchar(255) NOT NULL,
  `email` varchar(255) NOT NULL,
  `password` varchar(255) NOT NULL,
  `remember_token` varchar(255) DEFAULT NULL,
  `created_at` timestamp NOT NULL DEFAULT '0000-00-00 00:00:00',
  `updated_at` timestamp NOT NULL DEFAULT '0000-00-00 00:00:00'
) ENGINE=InnoDB DEFAULT CHARSET=utf8;

--
-- Đang đổ dữ liệu cho bảng `users`
--

INSERT INTO `users` (`id`, `name`, `email`, `password`, `remember_token`, `created_at`, `updated_at`) VALUES
(2, 'Võ Tấn Hải', 'admin', '$2y$10$7zh11Qaqlv8A2AwIYiCCqeFARv4tc1GbaQDVqvhr.x1ouJTypQz3e', 'MgVCWpfaTi6NFBE3zyBQMDBsRXtt1S24bSS3zlazWMUuQeWPguzbyu5Fq25Z', '2017-06-29 20:09:51', '2017-07-10 03:08:47');

--
-- Chỉ mục cho các bảng đã đổ
--

--
-- Chỉ mục cho bảng `dathang`
--
ALTER TABLE `dathang`
  ADD PRIMARY KEY (`id`);

--
-- Chỉ mục cho bảng `gmail`
--
ALTER TABLE `gmail`
  ADD PRIMARY KEY (`id`);

--
-- Chỉ mục cho bảng `haisan`
--
ALTER TABLE `haisan`
  ADD PRIMARY KEY (`id`);

--
-- Chỉ mục cho bảng `img_baiviet`
--
ALTER TABLE `img_baiviet`
  ADD PRIMARY KEY (`id`);

--
-- Chỉ mục cho bảng `lienhe`
--
ALTER TABLE `lienhe`
  ADD PRIMARY KEY (`id`);

--
-- Chỉ mục cho bảng `menu`
--
ALTER TABLE `menu`
  ADD PRIMARY KEY (`id`);

--
-- Chỉ mục cho bảng `menu_theloai`
--
ALTER TABLE `menu_theloai`
  ADD PRIMARY KEY (`id`);

--
-- Chỉ mục cho bảng `migrations`
--
ALTER TABLE `migrations`
  ADD PRIMARY KEY (`id`);

--
-- Chỉ mục cho bảng `thongtin`
--
ALTER TABLE `thongtin`
  ADD PRIMARY KEY (`id`);

--
-- Chỉ mục cho bảng `tintuc`
--
ALTER TABLE `tintuc`
  ADD PRIMARY KEY (`id`);

--
-- Chỉ mục cho bảng `url_slider`
--
ALTER TABLE `url_slider`
  ADD PRIMARY KEY (`id`);

--
-- Chỉ mục cho bảng `users`
--
ALTER TABLE `users`
  ADD PRIMARY KEY (`id`);

--
-- AUTO_INCREMENT cho các bảng đã đổ
--

--
-- AUTO_INCREMENT cho bảng `dathang`
--
ALTER TABLE `dathang`
  MODIFY `id` int(11) NOT NULL AUTO_INCREMENT, AUTO_INCREMENT=9;
--
-- AUTO_INCREMENT cho bảng `gmail`
--
ALTER TABLE `gmail`
  MODIFY `id` int(11) NOT NULL AUTO_INCREMENT;
--
-- AUTO_INCREMENT cho bảng `haisan`
--
ALTER TABLE `haisan`
  MODIFY `id` int(11) NOT NULL AUTO_INCREMENT, AUTO_INCREMENT=71;
--
-- AUTO_INCREMENT cho bảng `img_baiviet`
--
ALTER TABLE `img_baiviet`
  MODIFY `id` int(11) NOT NULL AUTO_INCREMENT, AUTO_INCREMENT=36;
--
-- AUTO_INCREMENT cho bảng `lienhe`
--
ALTER TABLE `lienhe`
  MODIFY `id` int(11) NOT NULL AUTO_INCREMENT, AUTO_INCREMENT=2;
--
-- AUTO_INCREMENT cho bảng `menu`
--
ALTER TABLE `menu`
  MODIFY `id` int(11) NOT NULL AUTO_INCREMENT, AUTO_INCREMENT=24;
--
-- AUTO_INCREMENT cho bảng `menu_theloai`
--
ALTER TABLE `menu_theloai`
  MODIFY `id` int(11) NOT NULL AUTO_INCREMENT, AUTO_INCREMENT=41;
--
-- AUTO_INCREMENT cho bảng `migrations`
--
ALTER TABLE `migrations`
  MODIFY `id` int(10) UNSIGNED NOT NULL AUTO_INCREMENT;
--
-- AUTO_INCREMENT cho bảng `thongtin`
--
ALTER TABLE `thongtin`
  MODIFY `id` int(11) NOT NULL AUTO_INCREMENT, AUTO_INCREMENT=2;
--
-- AUTO_INCREMENT cho bảng `tintuc`
--
ALTER TABLE `tintuc`
  MODIFY `id` int(11) NOT NULL AUTO_INCREMENT;
--
-- AUTO_INCREMENT cho bảng `url_slider`
--
ALTER TABLE `url_slider`
  MODIFY `id` int(11) NOT NULL AUTO_INCREMENT, AUTO_INCREMENT=7;
--
-- AUTO_INCREMENT cho bảng `users`
--
ALTER TABLE `users`
  MODIFY `id` int(11) NOT NULL AUTO_INCREMENT, AUTO_INCREMENT=3;COMMIT;

/*!40101 SET CHARACTER_SET_CLIENT=@OLD_CHARACTER_SET_CLIENT */;
/*!40101 SET CHARACTER_SET_RESULTS=@OLD_CHARACTER_SET_RESULTS */;
/*!40101 SET COLLATION_CONNECTION=@OLD_COLLATION_CONNECTION */;
